RA,ra_num,ano_base,Fase_num,IPP,INDE_final,alerta_precoce
RA-861,861,2023,,8.4375,9.31095,1
RA-869,869,2023,,8.125,9.2587,1
RA-898,898,2023,,8.125,8.4217,1
RA-900,900,2023,,8.125,8.8947,1
RA-858,858,2023,,8.125,7.248833333,1
RA-725,725,2023,,8.125,8.117366667,1
RA-907,907,2023,,8.125,8.962033333,1
RA-908,908,2023,,8.125,8.479366667,1
RA-909,909,2023,,8.125,8.486033333,1
RA-708,708,2023,,8.125,7.5105,1
RA-910,910,2023,,8.75,7.801,1
RA-928,928,2023,,8.75,9.3712,1
RA-929,929,2023,,8.75,9.1312,1
RA-930,930,2023,,8.75,8.8872,1
RA-932,932,2023,,8.125,8.3847,1
RA-933,933,2023,,8.75,8.6712,1
RA-934,934,2023,,9.375,9.1737,1
RA-935,935,2023,,9.375,7.9535,1
RA-936,936,2023,,8.125,8.5477,1
RA-937,937,2023,,9.375,9.3237,1
RA-780,780,2023,,8.75,7.7842,1
RA-970,970,2023,,9.375,8.9977,1
RA-1023,1023,2023,1,8.75,9.1342,1
RA-1024,1024,2023,1,9.21875,7.788875,1
RA-501,501,2023,1,8.541666667,8.1357,1
RA-1033,1033,2023,1,8.125,8.126033333,1
RA-1034,1034,2023,1,8.333333333,7.9642,1
RA-730,730,2023,1,9.53125,7.979325,1
RA-855,855,2023,1,8.4375,8.62995,1
RA-820,820,2023,1,9.0625,7.85605,1
RA-738,738,2023,1,8.4375,8.123283333,1
RA-1036,1036,2023,1,9.0625,6.970583333,1
RA-1037,1037,2023,1,8.59375,7.655575,1
RA-576,576,2023,1,9.21875,7.984741667,1
RA-1038,1038,2023,1,8.90625,7.736825,1
RA-1039,1039,2023,1,8.125,7.686033333,1
RA-733,733,2023,1,8.333333333,8.3342,1
RA-745,745,2023,1,8.125,7.668366667,1
RA-721,721,2023,1,8.125,8.683366667,1
RA-1046,1046,2023,1,8.541666667,6.835833333,1
RA-1047,1047,2023,1,8.125,7.848366667,1
RA-570,570,2023,1,8.125,6.781033333,1
RA-1048,1048,2023,1,8.541666667,7.811366667,1
RA-1049,1049,2023,1,8.125,7.443366667,1
RA-1050,1050,2023,1,8.125,7.764366667,1
RA-1051,1051,2023,1,8.75,8.534866667,1
RA-580,580,2023,1,8.75,8.4712,1
RA-735,735,2023,1,8.333333333,7.184,1
RA-1053,1053,2023,1,8.958333333,7.776166667,1
RA-597,597,2023,1,9.0625,8.49045,1
RA-624,624,2023,1,8.90625,8.270825,1
RA-600,600,2023,1,8.28125,7.651658333,1
RA-601,601,2023,1,9.0625,8.955783333,1
RA-778,778,2023,1,8.90625,7.926825,1
RA-628,628,2023,1,8.28125,8.370325,1
RA-766,766,2023,1,9.21875,8.008408333,1
RA-784,784,2023,1,8.125,8.171366667,1
RA-761,761,2023,1,8.333333333,8.219533333,1
RA-1057,1057,2023,1,8.125,8.4827,1
RA-827,827,2023,1,8.28125,7.419925,1
RA-612,612,2023,1,9.0625,8.410783333,1
RA-829,829,2023,1,9.21875,8.532075,1
RA-1061,1061,2023,1,8.75,8.196533333,1
RA-1062,1062,2023,1,8.59375,7.448841667,1
RA-615,615,2023,1,8.28125,7.815658333,1
RA-833,833,2023,1,8.4375,7.81295,1
RA-630,630,2023,1,8.28125,7.199991667,1
RA-777,777,2023,1,8.28125,7.468125,1
RA-764,764,2023,1,8.28125,7.682125,1
RA-1064,1064,2023,1,9.375,8.4777,1
RA-1065,1065,2023,1,8.4375,8.03395,1
RA-781,781,2023,1,8.4375,8.209283333,1
RA-1066,1066,2023,1,8.4375,7.262616667,1
RA-834,834,2023,1,9.6875,8.662616667,1
RA-722,722,2023,1,8.125,7.3387,1
RA-1068,1068,2023,1,9.166666667,8.472533333,1
RA-1069,1069,2023,1,8.125,7.590033333,1
RA-814,814,2023,1,8.333333333,8.367866667,1
RA-652,652,2023,1,8.125,7.871033333,1
RA-816,816,2023,1,9.583333333,8.5572,1
RA-819,819,2023,1,8.541666667,7.944833333,1
RA-813,813,2023,1,8.125,7.5867,1
RA-636,636,2023,1,8.333333333,6.836666667,1
RA-799,799,2023,1,8.333333333,8.061533333,1
RA-637,637,2023,1,8.333333333,8.109533333,1
RA-638,638,2023,1,8.333333333,7.754866667,1
RA-802,802,2023,1,8.333333333,8.126866667,1
RA-817,817,2023,1,8.125,7.8597,1
RA-818,818,2023,1,8.125,7.997366667,1
RA-645,645,2023,1,8.125,7.613033333,1
RA-479,479,2023,2,9.791666667,8.988866667,1
RA-493,493,2023,2,8.541666667,7.934366667,1
RA-1072,1072,2023,2,8.125,8.0152,1
RA-536,536,2023,2,8.333333333,7.759533333,1
RA-578,578,2023,2,9.791666667,9.013866667,1
RA-513,513,2023,2,8.541666667,8.297866667,1
RA-487,487,2023,2,9.166666667,8.988866667,1
RA-1076,1076,2023,2,8.333333333,7.901033333,1
RA-490,490,2023,2,8.541666667,7.429466667,1
RA-1077,1077,2023,2,8.75,7.2115,1
RA-508,508,2023,2,8.333333333,7.671633333,1
RA-495,495,2023,2,8.541666667,7.417366667,1
RA-340,340,2023,2,9.166666667,7.059666667,1
RA-1081,1081,2023,2,8.958333333,7.666033333,1
RA-1082,1082,2023,2,8.75,7.1617,1
RA-1083,1083,2023,2,8.75,8.2345,1
RA-531,531,2023,2,8.75,8.3252,1
RA-1084,1084,2023,2,8.75,7.9948,1
RA-516,516,2023,2,8.75,8.6807,1
RA-348,348,2023,2,8.541666667,6.817866667,1
RA-1086,1086,2023,2,8.75,7.2382,1
RA-1087,1087,2023,2,8.75,7.2067,1
RA-509,509,2023,2,8.958333333,7.606033333,1
RA-499,499,2023,2,8.75,7.8883,1
RA-500,500,2023,2,8.958333333,8.427533333,1
RA-1088,1088,2023,2,8.75,7.4717,1
RA-1089,1089,2023,2,8.75,7.9947,1
RA-1090,1090,2023,2,8.958333333,7.844033333,1
RA-503,503,2023,2,8.75,8.4682,1
RA-1091,1091,2023,2,8.958333333,8.032533333,1
RA-1092,1092,2023,2,8.75,7.41,1
RA-1093,1093,2023,2,8.958333333,8.197533333,1
RA-1094,1094,2023,2,8.75,8.1779,1
RA-324,324,2023,2,8.125,7.6354,1
RA-350,350,2023,2,8.958333333,7.972033333,1
RA-518,518,2023,2,8.125,7.5762,1
RA-524,524,2023,2,8.333333333,7.331133333,1
RA-1096,1096,2023,2,8.958333333,8.615533333,1
RA-526,526,2023,2,8.75,8.0957,1
RA-528,528,2023,2,8.75,7.6892,1
RA-1097,1097,2023,2,8.125,6.9547,1
RA-1098,1098,2023,2,8.125,7.2787,1
RA-506,506,2023,2,8.958333333,7.750033333,1
RA-1099,1099,2023,2,8.333333333,7.113533333,1
RA-1100,1100,2023,2,8.541666667,8.261033333,1
RA-1103,1103,2023,2,8.333333333,7.574866667,1
RA-539,539,2023,2,9.166666667,7.796866667,1
RA-540,540,2023,2,8.958333333,8.216033333,1
RA-375,375,2023,2,8.541666667,7.070833333,1
RA-535,535,2023,2,8.125,8.0027,1
RA-548,548,2023,2,8.333333333,7.4322,1
RA-365,365,2023,2,8.958333333,8.6587,1
RA-559,559,2023,2,8.958333333,7.947366667,1
RA-1104,1104,2023,2,8.541666667,7.265533333,1
RA-563,563,2023,2,8.75,7.684133333,1
RA-573,573,2023,2,8.541666667,7.774366667,1
RA-551,551,2023,2,8.541666667,7.075033333,1
RA-566,566,2023,2,8.958333333,7.7227,1
RA-373,373,2023,2,8.75,6.805,1
RA-557,557,2023,2,9.375,8.7717,1
RA-1106,1106,2023,2,8.333333333,7.1642,1
RA-1107,1107,2023,2,8.958333333,7.9327,1
RA-542,542,2023,2,8.75,7.816533333,1
RA-543,543,2023,2,8.75,7.971833333,1
RA-556,556,2023,2,9.166666667,7.7482,1
RA-1110,1110,2023,2,8.541666667,7.248566667,1
RA-568,568,2023,2,8.125,6.9647,1
RA-562,562,2023,2,8.541666667,6.824833333,1
RA-1112,1112,2023,2,8.333333333,7.088866667,1
RA-525,525,2023,2,8.958333333,7.911366667,1
RA-357,357,2023,2,8.75,8.2832,1
RA-583,583,2023,2,8.333333333,7.838866667,1
RA-584,584,2023,2,8.333333333,7.697533333,1
RA-586,586,2023,2,8.333333333,8.4242,1
RA-599,599,2023,2,8.333333333,8.532866667,1
RA-1114,1114,2023,2,8.125,7.5667,1
RA-604,604,2023,2,8.125,8.548033333,1
RA-610,610,2023,2,8.541666667,8.2857,1
RA-1120,1120,2023,2,8.958333333,9.103366667,1
RA-1121,1121,2023,2,8.75,8.049,1
RA-408,408,2023,2,8.333333333,7.242133333,1
RA-614,614,2023,2,8.333333333,8.2282,1
RA-1127,1127,2023,2,8.125,8.3167,1
RA-1131,1131,2023,2,8.75,8.316133333,1
RA-1133,1133,2023,2,8.541666667,8.600033333,1
RA-646,646,2023,2,8.958333333,8.3547,1
RA-451,451,2023,2,9.375,8.386033333,1
RA-1135,1135,2023,2,8.125,7.453833333,1
RA-649,649,2023,2,8.75,7.579533333,1
RA-651,651,2023,2,8.75,7.332,1
RA-653,653,2023,2,9.166666667,7.385666667,1
RA-456,456,2023,2,9.583333333,7.518,1
RA-655,655,2023,2,9.166666667,8.3198,1
RA-656,656,2023,2,8.541666667,6.780833333,1
RA-657,657,2023,2,8.75,8.3532,1
RA-644,644,2023,2,8.541666667,6.897033333,1
RA-461,461,2023,2,8.541666667,7.2379,1
RA-632,632,2023,2,8.333333333,7.8768,1
RA-1137,1137,2023,2,9.375,8.743366667,1
RA-1138,1138,2023,2,9.166666667,8.3472,1
RA-1139,1139,2023,2,8.125,7.6647,1
RA-445,445,2023,2,8.541666667,7.9087,1
RA-639,639,2023,2,8.125,7.5853,1
RA-1142,1142,2023,2,8.541666667,9.175033333,1
RA-642,642,2023,2,8.75,8.416866667,1
RA-588,588,2023,2,8.958333333,8.3527,1
RA-602,602,2023,2,8.75,8.5592,1
RA-666,666,2023,2,8.541666667,8.720366667,1
RA-670,670,2023,2,8.958333333,8.6067,1
RA-326,326,2023,3,9.0625,8.65075,1
RA-179,179,2023,3,8.59375,8.437641667,1
RA-332,332,2023,3,8.28125,8.002591667,1
RA-1144,1144,2023,3,8.28125,7.410625,1
RA-1145,1145,2023,3,8.59375,7.484375,1
RA-227,227,2023,3,8.28125,7.722125,1
RA-247,247,2023,3,8.28125,7.221958333,1
RA-338,338,2023,3,8.59375,8.287441667,1
RA-1161,1161,2023,3,8.28125,7.317791667,1
RA-416,416,2023,3,8.28125,8.144425,1
RA-417,417,2023,3,8.28125,8.257658333,1
RA-418,418,2023,3,8.125,8.1686,1
RA-419,419,2023,3,8.125,7.7261,1
RA-457,457,2023,3,8.125,8.256833333,1
RA-1171,1171,2023,3,8.75,7.856033333,1
RA-176,176,2023,4,8.125,8.316833333,1
RA-193,193,2023,4,8.125,7.718566667,1
RA-1172,1172,2023,4,8.59375,7.030108333,1
RA-180,180,2023,4,8.4375,8.283216667,1
RA-195,195,2023,4,8.4375,7.60205,1
RA-196,196,2023,4,8.28125,7.560991667,1
RA-229,229,2023,4,8.28125,8.207591667,1
RA-189,189,2023,4,8.28125,7.727325,1
RA-191,191,2023,4,8.125,7.263666667,1
RA-217,217,2023,4,8.4375,6.96965,1
RA-1174,1174,2023,4,8.90625,7.333591667,1
RA-184,184,2023,4,8.59375,8.430241667,1
RA-204,204,2023,4,8.28125,7.557558333,1
RA-1176,1176,2023,4,9.6875,8.881483333,1
RA-1177,1177,2023,4,8.90625,8.345491667,1
RA-237,237,2023,4,8.125,7.436566667,1
RA-1184,1184,2023,4,8.125,7.381566667,1
RA-241,241,2023,4,8.75,7.016,1
RA-242,242,2023,4,8.59375,8.221841667,1
RA-244,244,2023,4,8.125,7.044333333,1
RA-245,245,2023,4,8.75,7.171166667,1
RA-246,246,2023,4,8.125,8.256766667,1
RA-295,295,2023,4,9.0625,7.641016667,1
RA-269,269,2023,4,8.59375,8.116041667,1
RA-270,270,2023,4,8.75,7.982633333,1
RA-316,316,2023,4,8.59375,8.436908333,1
RA-320,320,2023,4,8.59375,8.393508333,1
RA-277,277,2023,4,8.125,7.7284,1
RA-278,278,2023,4,8.75,7.1935,1
RA-291,291,2023,4,8.90625,8.493058333,1
RA-279,279,2023,4,8.75,9.006266667,1
RA-280,280,2023,4,8.28125,8.189225,1
RA-319,319,2023,4,8.59375,8.367208333,1
RA-321,321,2023,4,8.125,7.695233333,1
RA-159,159,2023,4,8.125,6.805033333,1
RA-103,103,2023,5,8.125,8.0239,1
RA-125,125,2023,5,8.125,6.989633333,1
RA-110,110,2023,5,8.75,8.0879,1
RA-143,143,2023,5,8.28125,7.794358333,1
RA-52,52,2023,5,8.125,7.9642,1
RA-127,127,2023,5,8.4375,7.91935,1
RA-146,146,2023,5,8.4375,7.584483333,1
RA-151,151,2023,5,8.59375,6.892541667,1
RA-1201,1201,2023,5,8.59375,8.378008333,1
RA-90,90,2023,5,8.59375,8.699408333,1
RA-94,94,2023,5,8.75,7.289333333,1
RA-173,173,2023,5,8.125,7.757466667,1
RA-166,166,2023,5,8.4375,8.105583333,1
RA-153,153,2023,5,8.125,7.289966667,1
RA-157,157,2023,5,8.59375,7.879008333,1
RA-158,158,2023,5,8.28125,7.297425,1
RA-165,165,2023,5,8.125,7.583433333,1
RA-45,45,2023,6,8.28125,8.303591667,1
RA-56,56,2023,6,8.125,8.284333333,1
RA-58,58,2023,6,8.4375,7.70625,1
RA-59,59,2023,6,8.28125,7.692291667,1
RA-63,63,2023,6,8.75,8.0641,1
RA-109,109,2023,6,8.75,8.3184,1
RA-87,87,2023,6,8.125,8.6625,1
RA-27,27,2023,7,8.625,7.921266667,1
RA-62,62,2023,7,8.25,7.610333333,1
RA-38,38,2023,7,8.75,8.835333333,1
RA-39,39,2023,7,8.75,8.710333333,1
RA-861,861,2024,,8.125,8.959700000000002,1
RA-1012,1012,2024,,8.125,8.057128571400002,1
RA-1287,1287,2024,,8.125,7.619650310500001,1
RA-912,912,2024,,8.125,7.697103508700001,1
RA-1322,1322,2024,,8.4375,8.47795,1
RA-1325,1325,2024,,8.4375,8.9824954545,1
RA-1330,1330,2024,,8.4375,8.944616666700002,1
RA-1331,1331,2024,,8.4375,7.8522833333,1
RA-944,944,2024,,8.75,7.8262,1
RA-1332,1332,2024,,9.375,8.1040529412,1
RA-1333,1333,2024,,9.375,8.213199999999999,1
RA-934,934,2024,,9.375,8.338700000000001,1
RA-1334,1334,2024,,9.375,8.350200000000001,1
RA-941,941,2024,,8.125,7.746700000000001,1
RA-756,756,2024,,8.125,7.361700000000001,1
RA-1335,1335,2024,,9.375,8.3217,1
RA-938,938,2024,,8.125,8.0056026915,1
RA-1344,1344,2024,,8.75,9.3612,1
RA-749,749,2024,,8.4375,8.3373184211,1
RA-929,929,2024,,8.125,7.7244368421,1
RA-1348,1348,2024,,8.75,7.9604662539,1
RA-935,935,2024,,8.75,8.3422,1
RA-1349,1349,2024,,8.4375,7.855727777800001,1
RA-937,937,2024,,8.75,8.3792,1
RA-1350,1350,2024,,8.4375,8.335450000000002,1
RA-1351,1351,2024,,8.4375,8.1861038462,1
RA-1352,1352,2024,,8.4375,8.289950000000001,1
RA-1354,1354,2024,,8.125,7.353427272700001,1
RA-979,979,2024,,8.125,8.0352454545,1
RA-1355,1355,2024,,8.125,7.202245454500001,1
RA-972,972,2024,,8.75,7.537472727300001,1
RA-1356,1356,2024,,8.125,7.8695888889,1
RA-966,966,2024,,8.125,7.9943363636,1
RA-1357,1357,2024,,8.125,7.1807,1
RA-969,969,2024,,8.125,7.453427272700001,1
RA-1381,1381,2024,,8.75,9.038200000000002,1
RA-990,990,2024,1,8.4375,7.812283333400001,1
RA-1394,1394,2024,1,8.125,7.503255555500002,1
RA-1018,1018,2024,1,8.4375,7.7054045454,1
RA-1396,1396,2024,1,8.125,7.8477,1
RA-1025,1025,2024,1,8.4375,7.897071212,1
RA-1020,1020,2024,1,8.4375,8.9544954545,1
RA-1021,1021,2024,1,8.4375,8.0985863636,1
RA-1397,1397,2024,1,8.125,7.8280333334000005,1
RA-1398,1398,2024,1,8.125,7.989700527000001,1
RA-899,899,2024,1,8.125,8.425024769300002,1
RA-893,893,2024,1,8.125,8.8910333334,1
RA-1024,1024,2024,1,8.4375,8.6516166666,1
RA-900,900,2024,1,8.125,8.802003030200002,1
RA-892,892,2024,1,8.125,8.697700000000001,1
RA-894,894,2024,1,8.4375,8.67895,1
RA-896,896,2024,1,8.125,8.2852454545,1
RA-1035,1035,2024,1,8.4375,7.833495454500001,1
RA-1402,1402,2024,1,8.4375,8.588040909100002,1
RA-1403,1403,2024,1,8.4375,8.257421861500001,1
RA-1404,1404,2024,1,8.4375,8.3971318182,1
RA-923,923,2024,1,8.125,7.688609090900001,1
RA-1405,1405,2024,1,8.125,8.4749727273,1
RA-1406,1406,2024,1,8.4375,7.8186772727000005,1
RA-1408,1408,2024,1,8.4375,7.626768181800001,1
RA-1409,1409,2024,1,8.4375,7.863131818100001,1
RA-1410,1410,2024,1,8.75,7.5319272727,1
RA-874,874,2024,1,8.75,7.0235939394,1
RA-1411,1411,2024,1,8.4375,6.886950000000001,1
RA-1412,1412,2024,1,8.75,9.204671861500001,1
RA-690,690,2024,1,8.4375,7.3853681818000005,1
RA-1413,1413,2024,1,8.4375,7.747564718600001,1
RA-1414,1414,2024,1,8.75,8.840007359300001,1
RA-853,853,2024,1,8.333333333,7.986866666600001,1
RA-859,859,2024,1,8.958333333,8.5817909091,1
RA-860,860,2024,1,8.75,8.7738666667,1
RA-727,727,2024,1,8.125,8.447003030300001,1
RA-840,840,2024,1,8.333333333,8.5912909091,1
RA-926,926,2024,1,8.333333333,7.7830787878,1
RA-927,927,2024,1,8.333333333,7.9921696969000005,1
RA-1419,1419,2024,1,8.958333333,8.7536999999,1
RA-740,740,2024,1,8.541666667,8.1611005269,1
RA-1422,1422,2024,1,8.125,7.0132,1
RA-733,733,2024,1,8.90625,8.808825,1
RA-1427,1427,2024,1,8.90625,8.425325,1
RA-1052,1052,2024,1,8.59375,7.744032575800001,1
RA-928,928,2024,1,8.541666667,8.8733666667,1
RA-748,748,2024,1,8.75,8.2272,1
RA-876,876,2024,1,8.333333333,7.612057142800001,1
RA-753,753,2024,1,8.333333333,8.2450571429,1
RA-601,601,2024,1,8.75,8.5107,1
RA-1067,1067,2024,1,8.541666667,7.840033333300001,1
RA-1058,1058,2024,1,8.125,7.703347619,1
RA-757,757,2024,1,8.125,7.938842857200001,1
RA-794,794,2024,1,8.125,7.145652380900001,1
RA-789,789,2024,1,9.166666667,8.0443904763,1
RA-1056,1056,2024,1,9.166666667,8.192009523800001,1
RA-1428,1428,2024,1,9.166666667,8.006108496800001,1
RA-830,830,2024,1,8.333333333,7.1373428571,1
RA-780,780,2024,1,8.958333333,7.7430333333,1
RA-1057,1057,2024,1,8.75,8.2352,1
RA-1062,1062,2024,1,8.75,7.6147238096,1
RA-1429,1429,2024,1,8.958333333,8.041811111100001,1
RA-1430,1430,2024,1,8.958333333,7.864033333300001,1
RA-767,767,2024,1,8.541666667,8.131890476200002,1
RA-943,943,2024,1,8.958333333,8.965033333300001,1
RA-795,795,2024,1,8.958333333,8.441414285700002,1
RA-1432,1432,2024,1,9.21875,8.774075000000002,1
RA-1433,1433,2024,1,8.28125,8.1939895962,1
RA-1434,1434,2024,1,9.53125,8.2775982919,1
RA-958,958,2024,1,9.53125,9.531325,1
RA-755,755,2024,1,9.0625,8.925450000000001,1
RA-1436,1436,2024,1,8.28125,7.589914648100001,1
RA-1437,1437,2024,1,8.28125,7.982890217400001,1
RA-1438,1438,2024,1,8.90625,8.176825000000001,1
RA-1439,1439,2024,1,9.375,8.507700000000002,1
RA-1440,1440,2024,1,8.75,7.469102691500001,1
RA-1441,1441,2024,1,9.375,8.961646169800002,1
RA-952,952,2024,1,8.333333333,8.853624242300002,1
RA-939,939,2024,1,8.125,7.051379841899999,1
RA-953,953,2024,1,8.125,7.961241502000001,1
RA-954,954,2024,1,8.125,8.2823798419,1
RA-1000,1000,2024,1,8.125,8.364790909100002,1
RA-768,768,2024,1,8.125,7.0345379447,1
RA-988,988,2024,1,8.333333333,8.1765333333,1
RA-808,808,2024,1,8.125,8.7897,1
RA-963,963,2024,1,8.125,8.375080952400001,1
RA-984,984,2024,1,8.125,8.475080952400003,1
RA-968,968,2024,1,8.4375,7.8403547619000005,1
RA-688,688,2024,2,8.333333333,8.986533333300002,1
RA-1023,1023,2024,2,8.958333333,9.498580952300001,1
RA-686,686,2024,2,8.4375,8.040259523700001,1
RA-1462,1462,2024,2,8.125,7.6243666666,1
RA-1463,1463,2024,2,9.0625,9.074561111000001,1
RA-1464,1464,2024,2,9.0625,7.288424359,1
RA-687,687,2024,2,8.75,8.2739844611,1
RA-1465,1465,2024,2,8.75,7.3344666666,1
RA-522,522,2024,2,8.4375,8.6777119048,1
RA-501,501,2024,2,8.4375,8.2779474937,1
RA-1466,1466,2024,2,8.75,8.213723809600001,1
RA-502,502,2024,2,9.0625,8.5023309524,1
RA-1467,1467,2024,2,8.75,8.836711278200001,1
RA-1468,1468,2024,2,8.4375,8.1281028822,1
RA-527,527,2024,2,8.125,8.1403666666,1
RA-1469,1469,2024,2,8.75,7.459755555500001,1
RA-721,721,2024,2,8.75,8.8986026915,1
RA-730,730,2024,2,9.166666667,8.469255555700002,1
RA-820,820,2024,2,8.333333333,7.426572549100001,1
RA-1069,1069,2024,2,8.125,7.678917391300001,1
RA-1476,1476,2024,2,8.4375,8.80795,1
RA-829,829,2024,2,8.90625,9.171825000000002,1
RA-1492,1492,2024,2,8.75,8.479020512900002,1
RA-784,784,2024,2,9.375,8.8857454545,1
RA-1059,1059,2024,2,9.0625,8.678450000000002,1
RA-612,612,2024,2,9.6875,9.134040909100001,1
RA-761,761,2024,2,8.75,8.174593939300001,1
RA-1061,1061,2024,2,8.4375,8.76595,1
RA-1495,1495,2024,2,8.75,8.4845030302,1
RA-594,594,2024,2,8.125,6.890966666600001,1
RA-1498,1498,2024,2,8.125,7.147881818200001,1
RA-1499,1499,2024,2,8.125,7.914800000000001,1
RA-788,788,2024,2,8.4375,7.9221068268,1
RA-1500,1500,2024,2,8.4375,7.360450000100002,1
RA-777,777,2024,2,8.125,7.563515408100001,1
RA-664,664,2024,2,8.125,7.5017244089,1
RA-1501,1501,2024,2,8.4375,8.04495,1
RA-764,764,2024,2,8.4375,7.838370289900001,1
RA-1064,1064,2024,2,8.75,8.9802350877,1
RA-1065,1065,2024,2,9.0625,8.8634934783,1
RA-781,781,2024,2,8.4375,8.496283333400001,1
RA-1140,1140,2024,2,8.125,7.3473880383,1
RA-1503,1503,2024,2,8.958333333,6.991699999900001,1
RA-637,637,2024,2,8.333333333,7.6853212122,1
RA-816,816,2024,2,9.166666667,8.929745454599999,1
RA-1068,1068,2024,2,8.541666667,9.0150030303,1
RA-802,802,2024,2,8.333333333,7.8317974024999994,1
RA-1510,1510,2024,2,9.583333333,9.464745454400001,1
RA-785,785,2024,2,8.75,9.1548666666,1
RA-1511,1511,2024,2,8.4375,8.9217077641,1
RA-833,833,2024,2,8.125,8.5184577641,1
RA-819,819,2024,2,8.4375,8.652552484400001,1
RA-487,487,2024,3,9.0625,9.4171373016,1
RA-1096,1096,2024,3,9.0625,9.189883333333334,1
RA-513,513,2024,3,9.0625,8.728632539666668,1
RA-1523,1523,2024,3,8.90625,8.67371279,1
RA-479,479,2024,3,9.375,8.901966666666668,1
RA-325,325,2024,3,8.333333333,8.385133333233336,1
RA-1525,1525,2024,3,8.541666667,7.778263492033334,1
RA-524,524,2024,3,8.333333333,7.026322556366667,1
RA-578,578,2024,3,9.583333333,9.066199999966669,1
RA-516,516,2024,3,8.541666667,8.384033333366668,1
RA-1526,1526,2024,3,8.125,7.9798,1
RA-509,509,2024,3,8.28125,6.918152272733334,1
RA-500,500,2024,3,8.59375,8.077708333333334,1
RA-1093,1093,2024,3,8.90625,8.5079027778,1
RA-1094,1094,2024,3,8.4375,8.0164785714,1
RA-543,543,2024,3,8.90625,8.0467871118,1
RA-539,539,2024,3,8.75,8.465533333333335,1
RA-557,557,2024,3,10.0,9.350986466133334,1
RA-365,365,2024,3,8.4375,8.526983333333334,1
RA-563,563,2024,3,8.125,8.595447619066668,1
RA-1533,1533,2024,3,8.5,9.089828985533336,1
RA-1537,1537,2024,3,8.125,8.176263231333333,1
RA-651,651,2024,3,8.541666667,8.689300000100001,1
RA-403,403,2024,3,8.541666667,8.008488888833334,1
RA-1117,1117,2024,3,8.125,7.601562962866668,1
RA-602,602,2024,3,8.28125,8.647409313733334,1
RA-1541,1541,2024,3,8.25,8.337,1
RA-1114,1114,2024,3,8.375,7.437466666666667,1
RA-1127,1127,2024,3,8.125,8.180966666666668,1
RA-632,632,2024,3,8.28125,7.515491249000001,1
RA-1137,1137,2024,3,8.28125,7.1837526524666675,1
RA-646,646,2024,3,8.28125,7.715491666666668,1
RA-1142,1142,2024,3,8.125,8.390566666666668,1
RA-1553,1553,2024,3,8.333333333,7.641184313700001,1
RA-649,649,2024,3,8.333333333,6.985329691766667,1
RA-653,653,2024,3,8.333333333,8.103217647033333,1
RA-456,456,2024,3,9.166666667,8.331124561366668,1
RA-655,655,2024,3,8.125,8.238600000066668,1
RA-657,657,2024,3,8.125,8.207433333400001,1
RA-1555,1555,2024,3,8.125,7.4827333334,1
RA-586,586,2024,3,8.75,8.702387301666668,1
RA-588,588,2024,3,8.75,8.676133333333334,1
RA-455,455,2024,3,8.333333333,7.098988888900001,1
RA-1133,1133,2024,3,8.125,8.238553968266668,1
RA-670,670,2024,3,8.958333333,8.8602539683,1
RA-1149,1149,2024,4,8.625,8.1371,1
RA-1558,1558,2024,4,8.5,7.643772047733333,1
RA-326,326,2024,4,8.875,8.832389092333335,1
RA-179,179,2024,4,8.75,8.932712280733334,1
RA-332,332,2024,4,8.625,8.421271701,1
RA-1560,1560,2024,4,8.5,8.4721031746,1
RA-1153,1153,2024,4,8.75,8.268876190466667,1
RA-183,183,2024,4,8.25,8.266902371533334,1
RA-199,199,2024,4,8.125,7.419398245666667,1
RA-1151,1151,2024,4,8.125,8.749111111066668,1
RA-1081,1081,2024,4,9.166666667,8.5452952381,1
RA-187,187,2024,4,8.4375,8.568424074066666,1
RA-1579,1579,2024,4,8.5,7.894385710733333,1
RA-250,250,2024,4,8.958333333,9.049892592566668,1
RA-1583,1583,2024,4,9.166666667,7.8197579711000005,1
RA-417,417,2024,4,8.4375,8.533628557533333,1
RA-1163,1163,2024,4,8.125,8.6794789474,1
RA-416,416,2024,4,8.541666667,8.700808577033333,1
RA-418,418,2024,4,8.229166667,9.125183333366667,1
RA-425,425,2024,4,8.229166667,9.016616666700001,1
RA-1590,1590,2024,4,10.0,8.1907875086,1
RA-1592,1592,2024,4,8.125,6.812545479666667,1
RA-457,457,2024,4,9.6875,8.5892756038,1
RA-421,421,2024,4,9.0625,8.488232329,1
RA-1596,1596,2024,4,8.229166667,7.261016666766667,1
RA-1171,1171,2024,4,8.645833333,7.6236817459,1
RA-180,180,2024,5,8.125,8.801463636333335,1
RA-1598,1598,2024,5,8.375,8.4656285714,1
RA-186,186,2024,5,8.125,8.325963636333334,1
RA-111,111,2024,5,8.125,8.667693939400001,1
RA-176,176,2024,5,8.59375,8.828632575733334,1
RA-1604,1604,2024,5,8.125,8.0118555556,1
RA-193,193,2024,5,8.4375,8.465046969666668,1
RA-196,196,2024,5,8.75,8.823550937933334,1
RA-229,229,2024,5,8.28125,8.852545634933334,1
RA-1176,1176,2024,5,8.59375,8.914816269866666,1
RA-1173,1173,2024,5,8.125,8.220132915666667,1
RA-1188,1188,2024,5,8.125,7.801633333400001,1
RA-244,244,2024,5,8.125,8.7225,1
RA-274,274,2024,5,8.125,8.651029629666667,1
RA-157,157,2024,5,8.125,8.950566666733334,1
RA-321,321,2024,5,8.125,8.125807932933334,1
RA-278,278,2024,5,8.125,8.907314492800001,1
RA-279,279,2024,5,8.333333333,9.113133333366667,1
RA-1621,1621,2024,5,8.333333333,8.107033333366667,1
RA-280,280,2024,5,8.333333333,8.822714492700001,1
RA-1201,1201,2024,5,8.333333333,8.376195238033333,1
RA-1622,1622,2024,5,8.333333333,8.429066666633334,1
RA-132,132,2024,6,8.59375,8.4746321428,1
RA-1626,1626,2024,6,8.28125,8.541085606066668,1
RA-167,167,2024,6,8.375,8.033470175466666,1
RA-1203,1203,2024,6,8.375,8.9495245614,1
RA-94,94,2024,6,8.375,8.637033333333335,1
RA-1630,1630,2024,6,8.25,8.583133333333334,1
RA-1631,1631,2024,6,8.5,8.186433333333333,1
RA-80,80,2024,7,8.75,8.131659175733333,1
RA-40,40,2024,7,8.125,7.098051462066667,1
RA-1214,1214,2024,7,8.28125,8.5902971362,1
RA-45,45,2024,7,8.75,8.743476190400001,1
RA-56,56,2024,7,8.4375,9.077020175400001,1
RA-57,57,2024,7,8.59375,7.4193804301999995,1
RA-58,58,2024,7,9.0625,8.7713289474,1
RA-78,78,2024,7,8.4375,8.1780308688,1
RA-87,87,2024,7,9.375,9.437924561333332,1
RA-64,64,2024,7,8.4375,8.743607059266667,1
RA-48,48,2024,7,8.59375,8.402390371800001,1
