RA,ra_num,ano_base,Fase_num,Ativo/ Inativo,INDE_final,IPS,IEG,status
RA-1275,1275,2024,,Cursando,7.611366666700001,6.26,8.6666666665,CURSANDO
RA-1276,1276,2024,,Cursando,8.002866666700001,3.76,9.3333333335,CURSANDO
RA-1277,1277,2024,,Cursando,7.952200000100001,3.76,9.0833333335,CURSANDO
RA-868,868,2024,,Cursando,7.156366666600001,3.76,9.75,CURSANDO
RA-1278,1278,2024,,Cursando,5.444199999900001,3.76,4.1666666665,CURSANDO
RA-1279,1279,2024,,Cursando,8.0822,6.26,10.0,CURSANDO
RA-861,861,2024,,Cursando,8.959700000000002,7.51,10.0,CURSANDO
RA-862,862,2024,,Cursando,7.346677272700001,7.51,8.6136363635,CURSANDO
RA-1280,1280,2024,,Cursando,8.152624242500002,6.26,9.5454545455,CURSANDO
RA-1281,1281,2024,,Cursando,7.982890909100001,6.26,9.5454545455,CURSANDO
RA-895,895,2024,,Cursando,8.2579575757,6.26,9.5454545455,CURSANDO
RA-884,884,2024,,Cursando,8.0345030302,6.26,8.818181818,CURSANDO
RA-1282,1282,2024,,Cursando,7.8769272727000015,6.26,8.1136363635,CURSANDO
RA-889,889,2024,,Cursando,8.191290909100001,6.26,9.2954545455,CURSANDO
RA-867,867,2024,,Cursando,7.583018181800001,7.51,7.409090909,CURSANDO
RA-1283,1283,2024,,Cursando,8.3033538462,7.51,9.230769231,CURSANDO
RA-891,891,2024,,Cursando,8.035957575700001,6.26,9.0454545455,CURSANDO
RA-1284,1284,2024,,Cursando,8.3800152174,2.51,9.347826087,CURSANDO
RA-1012,1012,2024,,Cursando,8.057128571400002,2.51,9.523809524,CURSANDO
RA-1285,1285,2024,,Cursando,8.156578882000002,2.51,8.830227742999998,CURSANDO
RA-1286,1286,2024,,Cursando,5.914801966800001,2.51,5.051759834,CURSANDO
RA-1287,1287,2024,,Cursando,7.619650310500001,2.51,9.3064182195,CURSANDO
RA-1288,1288,2024,,Cursando,7.9208899585,2.51,7.9813664595,CURSANDO
RA-1289,1289,2024,,Cursando,7.2171722223,7.51,9.4444444445,CURSANDO
RA-1290,1290,2024,,Cursando,8.407200000000001,7.51,10.0,CURSANDO
RA-1291,1291,2024,,Cursando,8.079200000000002,7.51,9.5,CURSANDO
RA-885,885,2024,,Cursando,8.2072,7.51,10.0,CURSANDO
RA-1292,1292,2024,,Cursando,6.9031621211,7.51,4.7727272725,CURSANDO
RA-1293,1293,2024,,Cursando,8.005023232300001,7.51,9.4949494945,CURSANDO
RA-888,888,2024,,Cursando,8.1942,6.88,10.0,CURSANDO
RA-1294,1294,2024,,Cursando,7.9493666666,7.51,10.0,CURSANDO
RA-1009,1009,2024,,Cursando,6.395389393900001,2.51,6.8863636365000005,CURSANDO
RA-1013,1013,2024,,Cursando,5.7839559808,2.51,5.6937799039999994,CURSANDO
RA-1295,1295,2024,,Cursando,8.0617454545,2.51,9.5227272725,CURSANDO
RA-1296,1296,2024,,Cursando,7.0574222223000005,2.51,8.4444444445,CURSANDO
RA-863,863,2024,,Cursando,4.6684348484000004,2.51,3.159090909,CURSANDO
RA-1297,1297,2024,,Cursando,7.620247619000001,2.51,9.761904762,CURSANDO
RA-1014,1014,2024,,Cursando,6.315972727300001,2.51,7.8863636365000005,CURSANDO
RA-880,880,2024,,Cursando,6.853080434800001,2.51,8.445652174,CURSANDO
RA-886,886,2024,,Cursando,8.419200000000002,8.13,10.0,CURSANDO
RA-1298,1298,2024,,Cursando,7.577287995300001,7.51,6.643356643500001,CURSANDO
RA-1299,1299,2024,,Cursando,7.069727777800001,7.51,7.638888889,CURSANDO
RA-904,904,2024,,Cursando,7.6352,7.51,8.75,CURSANDO
RA-1300,1300,2024,,Cursando,7.623866666600001,2.51,8.75,CURSANDO
RA-1301,1301,2024,,Cursando,5.6345333333,2.51,2.9166666665000003,CURSANDO
RA-1302,1302,2024,,Cursando,5.758866666800001,2.51,5.416666667,CURSANDO
RA-1303,1303,2024,,Cursando,8.8352,2.51,10.0,CURSANDO
RA-1304,1304,2024,,Cursando,7.085119934500001,8.135,7.9575163395,CURSANDO
RA-1305,1305,2024,,Cursando,6.685221929800001,2.51,8.710526316,CURSANDO
RA-1306,1306,2024,,Cursando,8.503033333400001,8.135,10.0,CURSANDO
RA-702,702,2024,,Cursando,7.665116666600001,2.51,9.75,CURSANDO
RA-725,725,2024,,Cursando,7.0900771929,7.51,7.6710526315,CURSANDO
RA-912,912,2024,,Cursando,7.697103508700001,7.51,9.4736842105,CURSANDO
RA-918,918,2024,,Cursando,5.657357017600001,2.51,8.697368421,CURSANDO
RA-920,920,2024,,Cursando,7.7494938597,7.51,7.6710526315,CURSANDO
RA-1307,1307,2024,,Cursando,6.5940333333000005,6.255,5.833333333500001,CURSANDO
RA-1308,1308,2024,,Cursando,6.876997101400001,7.51,7.445652174,CURSANDO
RA-1309,1309,2024,,Cursando,8.379199999899999,7.51,9.1666666665,CURSANDO
RA-1310,1310,2024,,Cursando,8.3907833334,2.51,9.375,CURSANDO
RA-1311,1311,2024,,Cursando,6.4118666668,2.51,9.166666667,CURSANDO
RA-1312,1312,2024,,Cursando,7.510200000000001,7.51,8.333333333,CURSANDO
RA-1313,1313,2024,,Cursando,8.0155333334,7.51,8.125,CURSANDO
RA-1314,1314,2024,,Cursando,8.239799999999999,7.51,8.541666667,CURSANDO
RA-1315,1315,2024,,Cursando,8.3510666667,7.51,8.3333333335,CURSANDO
RA-921,921,2024,,Cursando,7.2838203209,7.51,8.6631016045,CURSANDO
RA-1316,1316,2024,,Cursando,7.59291123,7.51,8.20855615,CURSANDO
RA-1317,1317,2024,,Cursando,7.665638502700001,7.51,7.0721925135,CURSANDO
RA-897,897,2024,,Cursando,5.2212050505,2.51,2.7525252525,CURSANDO
RA-908,908,2024,,Cursando,6.764292246,7.51,8.14171123,CURSANDO
RA-916,916,2024,,Cursando,5.5058531621,2.51,7.3320158105,CURSANDO
RA-924,924,2024,,Cursando,6.4727360962,7.51,4.598930481,CURSANDO
RA-925,925,2024,,Cursando,6.587019518800001,7.51,7.005347594,CURSANDO
RA-1008,1008,2024,,Cursando,6.8667414438000005,7.51,6.483957219,CURSANDO
RA-919,919,2024,,Cursando,5.799702673800001,6.255,4.692513369,CURSANDO
RA-1318,1318,2024,,Cursando,6.823383155100001,7.51,7.6871657755000005,CURSANDO
RA-1003,1003,2024,,Cursando,7.627588888900001,7.51,8.6944444445,CURSANDO
RA-1004,1004,2024,,Cursando,7.801200000000001,7.51,9.25,CURSANDO
RA-1006,1006,2024,,Cursando,7.040088888900001,7.51,8.4444444445,CURSANDO
RA-1319,1319,2024,,Cursando,7.201526797300001,7.51,5.7516339865,CURSANDO
RA-858,858,2024,,Cursando,6.917866666700001,2.51,6.833333333500001,CURSANDO
RA-905,905,2024,,Cursando,6.3925823529,7.51,7.7794117645,CURSANDO
RA-907,907,2024,,Cursando,7.9400888889,7.51,8.9444444445,CURSANDO
RA-1320,1320,2024,,Cursando,7.8845333333,7.51,9.1666666665,CURSANDO
RA-909,909,2024,,Cursando,7.722033333300001,7.51,8.1666666665,CURSANDO
RA-729,729,2024,,Cursando,6.684533333300001,2.51,8.4166666665,CURSANDO
RA-1321,1321,2024,,Cursando,7.95295,6.885,8.875,CURSANDO
RA-1322,1322,2024,,Cursando,8.47795,7.51,9.0,CURSANDO
RA-1323,1323,2024,,Cursando,7.487366666700001,7.51,9.0833333335,CURSANDO
RA-1324,1324,2024,,Cursando,8.332450000000001,7.51,10.0,CURSANDO
RA-931,931,2024,,Cursando,7.075466666700001,2.51,8.5833333335,CURSANDO
RA-1325,1325,2024,,Cursando,8.9824954545,7.51,9.5227272725,CURSANDO
RA-1326,1326,2024,,Cursando,7.6397833333000005,7.51,9.2916666665,CURSANDO
RA-1327,1327,2024,,Cursando,8.264116666700001,7.51,9.3333333335,CURSANDO
RA-1328,1328,2024,,Cursando,8.0588666667,7.51,8.2083333335,CURSANDO
RA-1329,1329,2024,,Cursando,7.98945,7.51,10.0,CURSANDO
RA-1330,1330,2024,,Cursando,8.944616666700002,7.51,9.3333333335,CURSANDO
RA-1331,1331,2024,,Cursando,7.8522833333,7.51,7.291666666499999,CURSANDO
RA-944,944,2024,,Cursando,7.8262,7.51,7.25,CURSANDO
RA-1332,1332,2024,,Cursando,8.1040529412,7.51,9.411764706,CURSANDO
RA-754,754,2024,,Cursando,5.6127,5.625,6.25,CURSANDO
RA-1333,1333,2024,,Cursando,8.213199999999999,6.255,10.0,CURSANDO
RA-934,934,2024,,Cursando,8.338700000000001,7.51,9.75,CURSANDO
RA-1334,1334,2024,,Cursando,8.350200000000001,5.625,10.0,CURSANDO
RA-941,941,2024,,Cursando,7.746700000000001,5.01,9.25,CURSANDO
RA-756,756,2024,,Cursando,7.361700000000001,7.51,8.75,CURSANDO
RA-1335,1335,2024,,Cursando,8.3217,7.51,9.75,CURSANDO
RA-773,773,2024,,Cursando,6.566200000000001,2.51,8.75,CURSANDO
RA-938,938,2024,,Cursando,8.0056026915,7.51,9.544513457499999,CURSANDO
RA-1336,1336,2024,,Cursando,7.141365631500001,2.51,6.2008281575,CURSANDO
RA-1337,1337,2024,,Cursando,6.015144444400001,7.51,4.722222222,CURSANDO
RA-1338,1338,2024,,Cursando,6.1368428571,7.51,8.6607142855,CURSANDO
RA-1339,1339,2024,,Cursando,7.3547,6.885,10.0,CURSANDO
RA-1340,1340,2024,,Cursando,8.3422714286,7.51,8.392857143,CURSANDO
RA-1341,1341,2024,,Cursando,7.862906349200001,7.51,9.246031746,CURSANDO
RA-947,947,2024,,Cursando,6.053509523800001,7.51,7.619047619,CURSANDO
RA-1342,1342,2024,,Cursando,7.8185809524000005,7.51,9.761904762,CURSANDO
RA-1343,1343,2024,,Cursando,8.8262,7.51,10.0,CURSANDO
RA-1344,1344,2024,,Cursando,9.3612,7.51,10.0,CURSANDO
RA-945,945,2024,,Cursando,7.4195809524000005,2.51,9.511904762,CURSANDO
RA-946,946,2024,,Cursando,6.677723809500001,2.51,8.7976190475,CURSANDO
RA-1345,1345,2024,,Cursando,7.2340128655000004,7.51,9.4590643275,CURSANDO
RA-771,771,2024,,Cursando,6.066009523800001,3.135,6.619047619,CURSANDO
RA-1346,1346,2024,,Cursando,7.3701047619,7.51,8.0595238095,CURSANDO
RA-1347,1347,2024,,Cursando,6.153842857100001,2.51,8.7857142855,CURSANDO
RA-949,949,2024,,Cursando,7.1323428571,7.51,8.7857142855,CURSANDO
RA-950,950,2024,,Cursando,7.693461904800001,7.51,9.023809524,CURSANDO
RA-951,951,2024,,Cursando,6.4483428571,2.51,9.0357142855,CURSANDO
RA-1002,1002,2024,,Cursando,7.967866666700001,7.51,7.833333333500001,CURSANDO
RA-774,774,2024,,Cursando,5.685771428600001,2.51,6.3928571430000005,CURSANDO
RA-749,749,2024,,Cursando,8.3373184211,8.13,9.7368421055,CURSANDO
RA-929,929,2024,,Cursando,7.7244368421,7.51,9.4736842105,CURSANDO
RA-930,930,2024,,Cursando,7.9298184211,7.51,9.7368421055,CURSANDO
RA-787,787,2024,,Cursando,7.73495,7.51,9.75,CURSANDO
RA-1348,1348,2024,,Cursando,7.9604662539,7.51,8.5913312695,CURSANDO
RA-935,935,2024,,Cursando,8.3422,7.51,10.0,CURSANDO
RA-1349,1349,2024,,Cursando,7.855727777800001,7.51,8.388888889,CURSANDO
RA-937,937,2024,,Cursando,8.3792,9.38,10.0,CURSANDO
RA-1350,1350,2024,,Cursando,8.335450000000002,8.755,10.0,CURSANDO
RA-1351,1351,2024,,Cursando,8.1861038462,8.13,9.230769231,CURSANDO
RA-959,959,2024,,Cursando,8.379818421100001,7.51,9.7368421055,CURSANDO
RA-1352,1352,2024,,Cursando,8.289950000000001,8.13,9.5,CURSANDO
RA-1353,1353,2024,,Cursando,6.454700000000001,7.51,9.5,CURSANDO
RA-1354,1354,2024,,Cursando,7.353427272700001,7.51,8.3636363635,CURSANDO
RA-979,979,2024,,Cursando,8.0352454545,7.51,9.5227272725,CURSANDO
RA-1355,1355,2024,,Cursando,7.202245454500001,7.51,6.5227272725,CURSANDO
RA-971,971,2024,,Cursando,6.8916181818,7.51,7.909090909,CURSANDO
RA-972,972,2024,,Cursando,7.537472727300001,7.51,8.3863636365,CURSANDO
RA-965,965,2024,,Cursando,6.1376545455,7.51,6.4772727275,CURSANDO
RA-973,973,2024,,Cursando,6.9318363636,7.51,9.318181818,CURSANDO
RA-1356,1356,2024,,Cursando,7.8695888889,7.51,9.4444444445,CURSANDO
RA-966,966,2024,,Cursando,7.9943363636,7.51,8.568181818,CURSANDO
RA-1357,1357,2024,,Cursando,7.1807,7.51,7.5,CURSANDO
RA-969,969,2024,,Cursando,7.453427272700001,7.51,7.8636363634999995,CURSANDO
RA-1358,1358,2024,,Cursando,6.552990476200001,5.01,7.380952381,CURSANDO
RA-1359,1359,2024,,Cursando,7.2102,5.635,9.0,CURSANDO
RA-1360,1360,2024,,Cursando,6.8480623189,7.51,7.0018115945,CURSANDO
RA-1361,1361,2024,,Cursando,8.738700000000001,5.635,9.375,CURSANDO
RA-975,975,2024,,Cursando,7.1463666667000005,5.01,7.708333333500001,CURSANDO
RA-1362,1362,2024,,Cursando,7.709200000000001,5.635,6.875,CURSANDO
RA-977,977,2024,,Cursando,7.188033333300001,6.26,7.291666666499999,CURSANDO
RA-1363,1363,2024,,Cursando,7.690800000000001,5.635,10.0,CURSANDO
RA-981,981,2024,,Cursando,6.6513739130000005,6.26,7.010869565,CURSANDO
RA-1364,1364,2024,,Cursando,7.570033333300001,7.51,8.4166666665,CURSANDO
RA-1365,1365,2024,,Cursando,7.3700333333,6.26,9.7916666665,CURSANDO
RA-1366,1366,2024,,Cursando,6.919852173900001,7.51,6.6032608695,CURSANDO
RA-974,974,2024,,Cursando,7.6077217391,7.51,9.282608695499999,CURSANDO
RA-1367,1367,2024,,Cursando,8.427286956500001,7.51,8.3804347825,CURSANDO
RA-1368,1368,2024,,Cursando,8.6012,7.51,10.0,CURSANDO
RA-1369,1369,2024,,Cursando,8.052286956500001,6.26,8.6304347825,CURSANDO
RA-978,978,2024,,Cursando,7.4637,6.26,9.5,CURSANDO
RA-1370,1370,2024,,Cursando,8.0456444444,7.51,8.722222222,CURSANDO
RA-1371,1371,2024,,Cursando,6.4843521739,7.51,6.9782608695,CURSANDO
RA-1372,1372,2024,,Cursando,7.9632000000000005,8.13,10.0,CURSANDO
RA-1373,1373,2024,,Cursando,7.577286956500001,7.51,8.8804347825,CURSANDO
RA-1374,1374,2024,,Cursando,7.3707652174,7.51,9.347826087,CURSANDO
RA-1375,1375,2024,,Cursando,8.101200000000002,7.51,10.0,CURSANDO
RA-1376,1376,2024,,Cursando,8.2742769231,7.51,9.6153846155,CURSANDO
RA-994,994,2024,,Cursando,7.7982217391,6.88,9.532608695499999,CURSANDO
RA-1377,1377,2024,,Cursando,7.8987,8.13,10.0,CURSANDO
RA-1378,1378,2024,,Cursando,7.6703428571,8.13,9.2857142855,CURSANDO
RA-1379,1379,2024,,Cursando,6.638292105300001,3.755,8.6842105265,CURSANDO
RA-1380,1380,2024,,Cursando,7.964342230600001,4.385,8.784461152999999,CURSANDO
RA-770,770,2024,,Cursando,7.3057112782,7.51,9.022556391,CURSANDO
RA-1381,1381,2024,,Cursando,9.038200000000002,8.13,10.0,CURSANDO
RA-1382,1382,2024,,Cursando,7.834830952400001,7.51,9.761904762,CURSANDO
RA-1383,1383,2024,,Cursando,8.3720803259,7.51,9.2606516295,CURSANDO
RA-1384,1384,2024,,Cursando,6.221984461100001,7.51,7.5689223055,CURSANDO
RA-1385,1385,2024,,Cursando,7.7262,4.385,10.0,CURSANDO
RA-1386,1386,2024,,Cursando,7.803580952400001,7.51,9.761904762,CURSANDO
RA-1387,1387,2024,,Cursando,7.8030796992,7.51,8.759398496,CURSANDO
RA-1388,1388,2024,,Cursando,7.015057142799999,6.88,8.214285713999999,CURSANDO
RA-1389,1389,2024,,Cursando,8.980533333299999,6.88,9.7916666665,CURSANDO
RA-1390,1390,2024,,Cursando,8.4930333333,5.005,9.7916666665,CURSANDO
RA-1391,1391,2024,,Cursando,8.8435333333,7.51,9.2916666665,CURSANDO
RA-1392,1392,2024,,Cursando,5.4262,7.51,5.625,CURSANDO
RA-1393,1393,2024,,Cursando,7.2597000000000005,3.755,7.5,CURSANDO
RA-990,990,2024,1,Cursando,7.812283333400001,7.51,7.5,CURSANDO
RA-1394,1394,2024,1,Cursando,7.503255555500002,7.51,8.6944444445,CURSANDO
RA-991,991,2024,1,Cursando,7.057230303000001,6.26,8.181818182,CURSANDO
RA-1018,1018,2024,1,Cursando,7.7054045454,6.26,7.727272727,CURSANDO
RA-1395,1395,2024,1,Cursando,8.5997833334,7.51,10.0,CURSANDO
RA-1396,1396,2024,1,Cursando,7.8477,7.51,10.0,CURSANDO
RA-1025,1025,2024,1,Cursando,7.897071212,7.51,7.727272727,CURSANDO
RA-1019,1019,2024,1,Cursando,8.692255194900001,6.26,9.3073593075,CURSANDO
RA-879,879,2024,1,Cursando,8.1096318182,6.26,9.090909091,CURSANDO
RA-1020,1020,2024,1,Cursando,8.9544954545,6.88,9.7727272725,CURSANDO
RA-1021,1021,2024,1,Cursando,8.0985863636,7.51,9.318181818,CURSANDO
RA-1022,1022,2024,1,Cursando,7.613169697000002,6.26,9.318181818,CURSANDO
RA-1397,1397,2024,1,Cursando,7.8280333334000005,6.26,10.0,CURSANDO
RA-699,699,2024,1,Cursando,6.427771212000001,6.26,7.727272727000001,CURSANDO
RA-1398,1398,2024,1,Cursando,7.989700527000001,7.51,9.555335968,CURSANDO
RA-871,871,2024,1,Cursando,7.2917293147999995,4.38,9.328063240999999,CURSANDO
RA-1399,1399,2024,1,Cursando,7.438578787899999,5.005,9.7727272725,CURSANDO
RA-873,873,2024,1,Cursando,7.61095,6.88,10.0,CURSANDO
RA-898,898,2024,1,Cursando,7.8661333334000005,7.51,10.0,CURSANDO
RA-750,750,2024,1,Cursando,4.542230369,4.38,5.938735178,CURSANDO
RA-899,899,2024,1,Cursando,8.425024769300002,5.635,9.1007905135,CURSANDO
RA-878,878,2024,1,Cursando,6.5335560606000005,4.38,6.1363636360000005,CURSANDO
RA-893,893,2024,1,Cursando,8.8910333334,7.51,10.0,CURSANDO
RA-1024,1024,2024,1,Cursando,8.6516166666,7.51,10.0,CURSANDO
RA-900,900,2024,1,Cursando,8.802003030200002,8.13,9.318181818,CURSANDO
RA-903,903,2024,1,Cursando,8.0758287879,7.505,9.7727272725,CURSANDO
RA-1400,1400,2024,1,Cursando,7.622839525700001,7.51,6.6501976285,CURSANDO
RA-851,851,2024,1,Cursando,6.2114602109,5.63,7.3221343875,CURSANDO
RA-1028,1028,2024,1,Cursando,7.1404338602,5.63,7.055335968,CURSANDO
RA-922,922,2024,1,Cursando,8.5209954545,7.51,9.5227272725,CURSANDO
RA-684,684,2024,1,Cursando,7.769381818200001,7.51,9.090909091,CURSANDO
RA-1031,1031,2024,1,Cursando,6.8757227273,7.51,8.6363636365,CURSANDO
RA-892,892,2024,1,Cursando,8.697700000000001,7.51,10.0,CURSANDO
RA-1029,1029,2024,1,Cursando,7.797790909100001,6.885,8.7954545455,CURSANDO
RA-1032,1032,2024,1,Cursando,8.01645,7.51,9.75,CURSANDO
RA-894,894,2024,1,Cursando,8.67895,7.51,10.0,CURSANDO
RA-1401,1401,2024,1,Cursando,8.1188277778,7.51,8.888888889,CURSANDO
RA-896,896,2024,1,Cursando,8.2852454545,7.51,9.7727272725,CURSANDO
RA-693,693,2024,1,Cursando,8.9079954545,9.38,9.5227272725,CURSANDO
RA-743,743,2024,1,Cursando,7.655745454500001,7.51,9.2727272725,CURSANDO
RA-681,681,2024,1,Cursando,6.0398818182000005,6.26,7.840909091,CURSANDO
RA-1035,1035,2024,1,Cursando,7.833495454500001,7.51,9.0227272725,CURSANDO
RA-850,850,2024,1,Cursando,7.864245454500001,6.255,9.2727272725,CURSANDO
RA-1402,1402,2024,1,Cursando,8.588040909100002,7.51,9.5454545455,CURSANDO
RA-1403,1403,2024,1,Cursando,8.257421861500001,7.51,9.3073593075,CURSANDO
RA-1404,1404,2024,1,Cursando,8.3971318182,7.51,9.090909091,CURSANDO
RA-923,923,2024,1,Cursando,7.688609090900001,7.51,7.9545454545,CURSANDO
RA-847,847,2024,1,Cursando,5.009290909100001,5.01,4.5454545455,CURSANDO
RA-1405,1405,2024,1,Cursando,8.4749727273,7.51,8.6363636365,CURSANDO
RA-1406,1406,2024,1,Cursando,7.8186772727000005,7.51,8.8636363635,CURSANDO
RA-1407,1407,2024,1,Cursando,7.546086363600001,7.51,9.318181818,CURSANDO
RA-1408,1408,2024,1,Cursando,7.626768181800001,7.51,8.409090909,CURSANDO
RA-1409,1409,2024,1,Cursando,7.863131818100001,7.51,9.0909090905,CURSANDO
RA-1410,1410,2024,1,Cursando,7.5319272727,7.51,8.1136363635,CURSANDO
RA-874,874,2024,1,Cursando,7.0235939394,6.26,4.696969697,CURSANDO
RA-1411,1411,2024,1,Cursando,6.886950000000001,6.26,9.5,CURSANDO
RA-1412,1412,2024,1,Cursando,9.204671861500001,7.51,9.3073593075,CURSANDO
RA-690,690,2024,1,Cursando,7.3853681818000005,7.51,8.409090909,CURSANDO
RA-1413,1413,2024,1,Cursando,7.747564718600001,7.51,8.593073593,CURSANDO
RA-1414,1414,2024,1,Cursando,8.840007359300001,6.885,9.2965367965,CURSANDO
RA-995,995,2024,1,Cursando,5.110372077899999,5.635,5.3896103895,CURSANDO
RA-853,853,2024,1,Cursando,7.986866666600001,6.26,9.5833333335,CURSANDO
RA-854,854,2024,1,Cursando,7.826199999900001,6.26,10.0,CURSANDO
RA-1415,1415,2024,1,Cursando,7.3712454546,6.26,9.7727272725,CURSANDO
RA-842,842,2024,1,Cursando,7.072914756400001,6.26,7.549407115,CURSANDO
RA-700,700,2024,1,Cursando,7.005745454500001,5.635,9.564393939,CURSANDO
RA-1416,1416,2024,1,Cursando,7.375503030400001,7.51,8.2765151515,CURSANDO
RA-911,911,2024,1,Cursando,5.4552454547,7.51,4.772727273,CURSANDO
RA-859,859,2024,1,Cursando,8.5817909091,7.51,9.337121212,CURSANDO
RA-860,860,2024,1,Cursando,8.7738666667,7.51,9.7916666665,CURSANDO
RA-727,727,2024,1,Cursando,8.447003030300001,6.26,8.4848484845,CURSANDO
RA-1417,1417,2024,1,Cursando,7.7436242424,7.51,9.337121212,CURSANDO
RA-910,910,2024,1,Cursando,8.1163818182,7.51,8.674242424500001,CURSANDO
RA-840,840,2024,1,Cursando,8.5912909091,7.51,9.337121212,CURSANDO
RA-926,926,2024,1,Cursando,7.7830787878,7.51,9.7727272725,CURSANDO
RA-1418,1418,2024,1,Cursando,7.7352909091000015,7.51,9.128787879,CURSANDO
RA-927,927,2024,1,Cursando,7.9921696969000005,7.51,9.318181818,CURSANDO
RA-672,672,2024,1,Cursando,4.2118138341,6.26,3.9525691700000003,CURSANDO
RA-1043,1043,2024,1,Cursando,7.539847562500002,7.51,7.994071146,CURSANDO
RA-738,738,2024,1,Cursando,7.2626980238000005,6.885,7.292490119,CURSANDO
RA-1419,1419,2024,1,Cursando,8.7536999999,7.51,10.0,CURSANDO
RA-704,704,2024,1,Cursando,6.8121156785000005,5.635,8.646245059,CURSANDO
RA-705,705,2024,1,Cursando,5.294247619100001,5.005,6.4285714285,CURSANDO
RA-822,822,2024,1,Cursando,5.2645678524,5.01,4.6245059285,CURSANDO
RA-740,740,2024,1,Cursando,8.1611005269,7.51,9.555335968,CURSANDO
RA-741,741,2024,1,Cursando,5.0795885374,5.005,5.2964426875,CURSANDO
RA-1420,1420,2024,1,Cursando,5.6558,6.26,5.520833333500001,CURSANDO
RA-709,709,2024,1,Cursando,6.833780895800001,7.51,7.994071146,CURSANDO
RA-1421,1421,2024,1,Cursando,7.126922222200001,7.51,6.777777778,CURSANDO
RA-1422,1422,2024,1,Cursando,7.0132,7.51,7.5,CURSANDO
RA-1423,1423,2024,1,Cursando,6.403450000000001,7.51,5.3125,CURSANDO
RA-733,733,2024,1,Cursando,8.808825,7.51,10.0,CURSANDO
RA-836,836,2024,1,Cursando,6.0234537878,7.51,6.439393939,CURSANDO
RA-1424,1424,2024,1,Cursando,7.5543388889,7.51,8.9444444445,CURSANDO
RA-1425,1425,2024,1,Cursando,6.8290988095000005,7.51,6.7976190475,CURSANDO
RA-1426,1426,2024,1,Cursando,5.8367476190000005,7.51,5.845238095,CURSANDO
RA-716,716,2024,1,Cursando,6.2372943675000005,7.51,5.5335968375,CURSANDO
RA-1049,1049,2024,1,Cursando,6.821885606,7.51,8.03030303,CURSANDO
RA-1427,1427,2024,1,Cursando,8.425325,7.51,10.0,CURSANDO
RA-1052,1052,2024,1,Cursando,7.744032575800001,6.26,9.128787879,CURSANDO
RA-719,719,2024,1,Cursando,7.1193969697,7.51,7.3484848485,CURSANDO
RA-1055,1055,2024,1,Cursando,6.403040909100001,7.51,5.7954545455,CURSANDO
RA-747,747,2024,1,Cursando,5.8450809523,5.005,8.095238095,CURSANDO
RA-928,928,2024,1,Cursando,8.8733666667,7.51,10.0,CURSANDO
RA-748,748,2024,1,Cursando,8.2272,7.51,10.0,CURSANDO
RA-769,769,2024,1,Cursando,7.099342857200002,7.51,5.9523809525,CURSANDO
RA-876,876,2024,1,Cursando,7.612057142800001,7.51,9.0476190475,CURSANDO
RA-776,776,2024,1,Cursando,5.178509523800001,5.63,5.9523809525,CURSANDO
RA-753,753,2024,1,Cursando,8.2450571429,7.51,9.047619048,CURSANDO
RA-601,601,2024,1,Cursando,8.5107,7.505,10.0,CURSANDO
RA-955,955,2024,1,Cursando,6.245452381,7.51,6.904761905,CURSANDO
RA-831,831,2024,1,Cursando,8.0066285715,6.26,9.523809524,CURSANDO
RA-1067,1067,2024,1,Cursando,7.840033333300001,7.51,8.333333332999999,CURSANDO
RA-1058,1058,2024,1,Cursando,7.703347619,6.88,8.095238095,CURSANDO
RA-757,757,2024,1,Cursando,7.938842857200001,7.51,9.285714286000001,CURSANDO
RA-794,794,2024,1,Cursando,7.145652380900001,7.51,6.9047619045,CURSANDO
RA-960,960,2024,1,Cursando,5.286047619,7.51,8.095238095,CURSANDO
RA-587,587,2024,1,Cursando,6.817057142900001,7.51,7.380952381,CURSANDO
RA-826,826,2024,1,Cursando,7.9442,6.26,10.0,CURSANDO
RA-789,789,2024,1,Cursando,8.0443904763,7.51,9.047619048,CURSANDO
RA-1056,1056,2024,1,Cursando,8.192009523800001,7.51,9.2857142855,CURSANDO
RA-1428,1428,2024,1,Cursando,8.006108496800001,7.51,8.8562091505,CURSANDO
RA-830,830,2024,1,Cursando,7.1373428571,5.63,7.619047619,CURSANDO
RA-780,780,2024,1,Cursando,7.7430333333,5.63,10.0,CURSANDO
RA-1057,1057,2024,1,Cursando,8.2352,6.26,10.0,CURSANDO
RA-1062,1062,2024,1,Cursando,7.6147238096,5.63,9.047619048,CURSANDO
RA-1429,1429,2024,1,Cursando,8.041811111100001,7.51,8.888888889,CURSANDO
RA-1430,1430,2024,1,Cursando,7.864033333300001,7.51,10.0,CURSANDO
RA-767,767,2024,1,Cursando,8.131890476200002,7.51,9.0476190475,CURSANDO
RA-943,943,2024,1,Cursando,8.965033333300001,7.51,10.0,CURSANDO
RA-782,782,2024,1,Cursando,8.1896285714,7.51,7.8571428569999995,CURSANDO
RA-795,795,2024,1,Cursando,8.441414285700002,6.26,9.761904762,CURSANDO
RA-1431,1431,2024,1,Cursando,7.9147292443,7.51,7.7432712215,CURSANDO
RA-1432,1432,2024,1,Cursando,8.774075000000002,7.51,10.0,CURSANDO
RA-1433,1433,2024,1,Cursando,8.1939895962,7.51,9.068322981,CURSANDO
RA-1434,1434,2024,1,Cursando,8.2775982919,6.26,7.9813664595,CURSANDO
RA-958,958,2024,1,Cursando,9.531325,6.26,10.0,CURSANDO
RA-961,961,2024,1,Cursando,6.529417908900001,6.26,8.8923395445,CURSANDO
RA-1435,1435,2024,1,Cursando,7.7196166667,7.51,7.833333333500001,CURSANDO
RA-755,755,2024,1,Cursando,8.925450000000001,7.51,10.0,CURSANDO
RA-1436,1436,2024,1,Cursando,7.589914648100001,7.51,8.674948240500001,CURSANDO
RA-1437,1437,2024,1,Cursando,7.982890217400001,7.51,9.347826087,CURSANDO
RA-1438,1438,2024,1,Cursando,8.176825000000001,7.51,9.0,CURSANDO
RA-1439,1439,2024,1,Cursando,8.507700000000002,7.51,10.0,CURSANDO
RA-1440,1440,2024,1,Cursando,7.469102691500001,7.51,9.544513457499999,CURSANDO
RA-1441,1441,2024,1,Cursando,8.961646169800002,7.51,9.109730849,CURSANDO
RA-1442,1442,2024,1,Cursando,7.135189648100001,7.51,8.674948240500001,CURSANDO
RA-1443,1443,2024,1,Cursando,6.921633333300001,6.26,7.5,CURSANDO
RA-1444,1444,2024,1,Cursando,6.610588888900001,7.51,5.277777778,CURSANDO
RA-956,956,2024,1,Cursando,6.1175906455,6.885,6.017786561,CURSANDO
RA-952,952,2024,1,Cursando,8.853624242300002,6.26,9.545454545,CURSANDO
RA-939,939,2024,1,Cursando,7.051379841899999,5.63,8.8833992095,CURSANDO
RA-953,953,2024,1,Cursando,7.961241502000001,6.26,6.85770751,CURSANDO
RA-954,954,2024,1,Cursando,8.2823798419,6.26,8.8833992095,CURSANDO
RA-792,792,2024,1,Cursando,6.036012253,7.51,5.2865612650000005,CURSANDO
RA-1000,1000,2024,1,Cursando,8.364790909100002,6.26,9.5454545455,CURSANDO
RA-763,763,2024,1,Cursando,6.984760606,6.26,8.8636363635,CURSANDO
RA-1001,1001,2024,1,Cursando,7.7964318841,7.51,9.347826087,CURSANDO
RA-1445,1445,2024,1,Cursando,7.842866666700001,7.51,9.5,CURSANDO
RA-1446,1446,2024,1,Cursando,5.9004061924,6.26,6.6501976285,CURSANDO
RA-768,768,2024,1,Cursando,7.0345379447,6.26,7.9841897235,CURSANDO
RA-1447,1447,2024,1,Cursando,7.5402350878,7.51,9.7368421055,CURSANDO
RA-980,980,2024,1,Cursando,7.946388311600001,7.51,9.058441558,CURSANDO
RA-982,982,2024,1,Cursando,8.119860173100001,7.51,8.365800865499999,CURSANDO
RA-1448,1448,2024,1,Cursando,7.466126406900001,7.51,9.5346320345,CURSANDO
RA-1070,1070,2024,1,Cursando,6.287171861500001,5.635,9.3073593075,CURSANDO
RA-985,985,2024,1,Cursando,8.2432,6.26,10.0,CURSANDO
RA-986,986,2024,1,Cursando,8.2603406926,6.26,9.2965367965,CURSANDO
RA-810,810,2024,1,Cursando,7.704770175400001,5.635,9.4736842105,CURSANDO
RA-987,987,2024,1,Cursando,8.3028861472,7.51,9.0692640695,CURSANDO
RA-988,988,2024,1,Cursando,8.1765333333,7.51,10.0,CURSANDO
RA-805,805,2024,1,Cursando,6.9375869048,4.38,9.523809524,CURSANDO
RA-806,806,2024,1,Cursando,6.972777380900001,7.51,6.9047619045,CURSANDO
RA-807,807,2024,1,Cursando,7.797628571400001,7.51,7.8571428569999995,CURSANDO
RA-808,808,2024,1,Cursando,8.7897,7.51,10.0,CURSANDO
RA-963,963,2024,1,Cursando,8.375080952400001,7.51,9.761904762,CURSANDO
RA-989,989,2024,1,Cursando,7.3743785714,6.26,7.8571428569999995,CURSANDO
RA-964,964,2024,1,Cursando,7.548241666600001,7.51,8.333333332999999,CURSANDO
RA-1449,1449,2024,1,Cursando,7.214341666700001,7.51,8.3333333335,CURSANDO
RA-801,801,2024,1,Cursando,6.6752,7.51,5.75,CURSANDO
RA-1450,1450,2024,1,Cursando,7.405235714200002,7.51,8.571428571,CURSANDO
RA-984,984,2024,1,Cursando,8.475080952400003,7.51,9.761904762,CURSANDO
RA-1451,1451,2024,1,Cursando,7.560479761900002,7.51,8.8095238095,CURSANDO
RA-967,967,2024,1,Cursando,5.442610714300001,7.51,3.5714285715,CURSANDO
RA-968,968,2024,1,Cursando,7.8403547619000005,7.51,8.8095238095,CURSANDO
RA-521,521,2024,2,Cursando,7.4798428571999995,5.005,9.0357142855,CURSANDO
RA-821,821,2024,2,Cursando,6.643866666600001,7.51,5.9166666665,CURSANDO
RA-1075,1075,2024,2,Cursando,6.8100812324,3.755,8.5154061625,CURSANDO
RA-1048,1048,2024,2,Cursando,7.5198666666000005,6.255,6.833333333500001,CURSANDO
RA-1082,1082,2024,2,Cursando,6.6114857142,10.0,7.5714285715,CURSANDO
RA-680,680,2024,2,Cursando,4.9800714287000005,5.635,6.6428571430000005,CURSANDO
RA-698,698,2024,2,Cursando,7.3363190476,6.88,8.3214285715,CURSANDO
RA-1452,1452,2024,2,Cursando,8.6268666667,7.51,10.0,CURSANDO
RA-1453,1453,2024,2,Cursando,7.1234857143,6.25,7.8214285715,CURSANDO
RA-1454,1454,2024,2,Cursando,7.7042238095,7.51,5.880952381,CURSANDO
RA-1455,1455,2024,2,Cursando,6.6442555555,7.51,7.777777778,CURSANDO
RA-529,529,2024,2,Cursando,5.2661285715,4.38,6.6071428569999995,CURSANDO
RA-1456,1456,2024,2,Cursando,8.492914285800001,7.51,9.511904762,CURSANDO
RA-1015,1015,2024,2,Cursando,6.643252381000002,7.51,7.8214285715,CURSANDO
RA-483,483,2024,2,Cursando,6.578604762,6.26,5.6428571430000005,CURSANDO
RA-497,497,2024,2,Cursando,4.4960809524,5.63,6.095238095,CURSANDO
RA-1457,1457,2024,2,Cursando,6.0197761904,7.51,8.0357142855,CURSANDO
RA-688,688,2024,2,Cursando,8.986533333300002,8.13,10.0,CURSANDO
RA-696,696,2024,2,Cursando,7.482680952299999,7.51,7.845238095,CURSANDO
RA-1458,1458,2024,2,Cursando,5.879073684200001,7.51,7.280701754500001,CURSANDO
RA-1034,1034,2024,2,Cursando,8.0333666666,7.51,8.0833333335,CURSANDO
RA-491,491,2024,2,Cursando,6.995247619100001,7.51,9.011904762,CURSANDO
RA-1027,1027,2024,2,Cursando,8.220866666700001,7.51,10.0,CURSANDO
RA-1023,1023,2024,2,Cursando,9.498580952300001,9.375,9.511904762,CURSANDO
RA-686,686,2024,2,Cursando,8.040259523700001,6.885,8.7857142855,CURSANDO
RA-480,480,2024,2,Cursando,7.260202380900001,7.51,8.0714285715,CURSANDO
RA-1459,1459,2024,2,Cursando,6.665390476100001,7.51,8.2976190475,CURSANDO
RA-1460,1460,2024,2,Cursando,6.784805263200001,7.51,7.460526316,CURSANDO
RA-1017,1017,2024,2,Cursando,7.345521428500001,6.26,7.8095238095,CURSANDO
RA-499,499,2024,2,Cursando,7.5794738095000005,7.51,9.0476190475,CURSANDO
RA-514,514,2024,2,Cursando,6.219580952400001,4.385,7.595238095,CURSANDO
RA-1461,1461,2024,2,Cursando,6.871961904800001,7.51,9.273809524,CURSANDO
RA-1462,1462,2024,2,Cursando,7.6243666666,7.51,10.0,CURSANDO
RA-1463,1463,2024,2,Cursando,9.074561111000001,7.51,9.722222222,CURSANDO
RA-1464,1464,2024,2,Cursando,7.288424359,7.51,7.794871795,CURSANDO
RA-687,687,2024,2,Cursando,8.2739844611,7.51,9.2355889725,CURSANDO
RA-1030,1030,2024,2,Cursando,7.7401916040000005,4.385,8.28320802,CURSANDO
RA-1465,1465,2024,2,Cursando,7.3344666666,7.51,8.75,CURSANDO
RA-522,522,2024,2,Cursando,8.6777119048,7.51,9.523809524,CURSANDO
RA-501,501,2024,2,Cursando,8.2779474937,7.51,7.9949874685,CURSANDO
RA-1466,1466,2024,2,Cursando,8.213723809600001,7.51,7.380952381,CURSANDO
RA-502,502,2024,2,Cursando,8.5023309524,3.755,9.761904762,CURSANDO
RA-1467,1467,2024,2,Cursando,8.836711278200001,7.51,9.022556391,CURSANDO
RA-1468,1468,2024,2,Cursando,8.1281028822,7.51,8.972431078,CURSANDO
RA-527,527,2024,2,Cursando,8.1403666666,7.51,10.0,CURSANDO
RA-1469,1469,2024,2,Cursando,7.459755555500001,7.51,9.4444444445,CURSANDO
RA-1470,1470,2024,2,Cursando,5.967421532000001,6.26,6.35610766,CURSANDO
RA-1471,1471,2024,2,Cursando,7.404455434800001,7.51,7.195652174,CURSANDO
RA-710,710,2024,2,Cursando,7.0366241342,5.625,8.170995671,CURSANDO
RA-1472,1472,2024,2,Cursando,8.773575000000001,7.51,10.0,CURSANDO
RA-837,837,2024,2,Cursando,7.9648467391,6.885,9.782608695499999,CURSANDO
RA-549,549,2024,2,Cursando,6.5398187888,6.255,7.204968943999999,CURSANDO
RA-571,571,2024,2,Cursando,6.2964554347999995,4.375,8.695652174,CURSANDO
RA-731,731,2024,2,Cursando,4.7704873377000006,4.375,4.188311688500001,CURSANDO
RA-706,706,2024,2,Cursando,5.8701964286,6.26,7.1428571430000005,CURSANDO
RA-707,707,2024,2,Cursando,6.4975618421000005,4.375,7.7236842105,CURSANDO
RA-1044,1044,2024,2,Cursando,7.966711904800001,7.51,9.523809524,CURSANDO
RA-1054,1054,2024,2,Cursando,6.985788509300001,7.51,7.3291925465,CURSANDO
RA-721,721,2024,2,Cursando,8.8986026915,8.135,9.544513457499999,CURSANDO
RA-1473,1473,2024,2,Cursando,6.689320600500001,5.625,8.4368530025,CURSANDO
RA-735,735,2024,2,Cursando,7.7888467391,6.255,9.782608695499999,CURSANDO
RA-712,712,2024,2,Cursando,6.2236373706000006,5.625,5.983436853,CURSANDO
RA-1103,1103,2024,2,Cursando,7.861995031000001,7.51,7.763975155000001,CURSANDO
RA-570,570,2024,2,Cursando,6.8133640787,5.625,8.0020703935,CURSANDO
RA-713,713,2024,2,Cursando,7.467500983400001,7.51,7.525879916999999,CURSANDO
RA-714,714,2024,2,Cursando,5.4653662008,6.255,6.873706004,CURSANDO
RA-737,737,2024,2,Cursando,8.4695488613,6.885,8.6542443065,CURSANDO
RA-1474,1474,2024,2,Cursando,7.384207505200001,5.625,7.960662526,CURSANDO
RA-1036,1036,2024,2,Cursando,8.2841303831,7.51,9.0890269155,CURSANDO
RA-576,576,2024,2,Cursando,8.93195,7.51,10.0,CURSANDO
RA-577,577,2024,2,Cursando,6.629159109700001,5.625,5.7660455485,CURSANDO
RA-580,580,2024,2,Cursando,7.9281521222,7.51,8.871635610999999,CURSANDO
RA-581,581,2024,2,Cursando,7.0833015528,5.625,8.198757764,CURSANDO
RA-841,841,2024,2,Cursando,6.035771224300001,7.51,6.3272311215000006,CURSANDO
RA-730,730,2024,2,Cursando,8.469255555700002,6.885,7.152777778,CURSANDO
RA-855,855,2024,2,Cursando,8.578533333400001,7.51,10.0,CURSANDO
RA-820,820,2024,2,Cursando,7.426572549100001,7.51,6.573529412,CURSANDO
RA-715,715,2024,2,Cursando,5.3098253133,3.755,5.250626566499999,CURSANDO
RA-1038,1038,2024,2,Cursando,7.9646385965,7.51,7.5438596495,CURSANDO
RA-1475,1475,2024,2,Cursando,7.413901754400001,7.51,8.070175439,CURSANDO
RA-1039,1039,2024,2,Cursando,7.549644444400001,7.51,9.722222222,CURSANDO
RA-745,745,2024,2,Cursando,8.6102,6.26,10.0,CURSANDO
RA-718,718,2024,2,Cursando,8.705811111100001,5.635,9.5138888885,CURSANDO
RA-1040,1040,2024,2,Cursando,7.764199999900001,7.51,8.5416666665,CURSANDO
RA-746,746,2024,2,Cursando,7.903311111100001,7.51,7.4305555555,CURSANDO
RA-1069,1069,2024,2,Cursando,7.678917391300001,7.51,7.0760869565,CURSANDO
RA-1476,1476,2024,2,Cursando,8.80795,5.635,10.0,CURSANDO
RA-827,827,2024,2,Cursando,8.2483467391,5.01,9.782608695499999,CURSANDO
RA-1477,1477,2024,2,Cursando,7.0514989130000005,7.51,8.010869565,CURSANDO
RA-762,762,2024,2,Cursando,5.9677326087,6.26,6.4239130435,CURSANDO
RA-778,778,2024,2,Cursando,8.0754139589,7.51,8.1235697945,CURSANDO
RA-591,591,2024,2,Cursando,6.8360336957,6.255,7.913043478500001,CURSANDO
RA-1478,1478,2024,2,Cursando,6.7210333334,6.255,6.666666667,CURSANDO
RA-829,829,2024,2,Cursando,9.171825000000002,9.38,9.75,CURSANDO
RA-1479,1479,2024,2,Cursando,6.615766239300001,7.51,6.1965811965,CURSANDO
RA-1480,1480,2024,2,Cursando,7.09445,7.51,8.875,CURSANDO
RA-438,438,2024,2,Cursando,7.930283695700001,7.51,8.6630434785,CURSANDO
RA-607,607,2024,2,Cursando,7.6486021739000005,7.51,7.4782608695,CURSANDO
RA-1481,1481,2024,2,Cursando,6.860721739100001,7.51,8.782608695499999,CURSANDO
RA-1482,1482,2024,2,Cursando,5.2257,7.51,5.0,CURSANDO
RA-1483,1483,2024,2,Cursando,7.311433695700001,7.51,7.913043478500001,CURSANDO
RA-1484,1484,2024,2,Cursando,7.754200000000001,6.26,10.0,CURSANDO
RA-1485,1485,2024,2,Cursando,6.7386875776999995,5.625,7.7432712215,CURSANDO
RA-1486,1486,2024,2,Cursando,6.865474509900001,6.26,5.431372549,CURSANDO
RA-597,597,2024,2,Cursando,7.843291097300001,7.51,9.3271221535,CURSANDO
RA-624,624,2024,2,Cursando,7.229425672900001,7.51,8.219461698,CURSANDO
RA-1487,1487,2024,2,Cursando,8.0267434782,6.26,9.5652173915,CURSANDO
RA-1488,1488,2024,2,Cursando,6.7668935818000016,7.51,7.111801242,CURSANDO
RA-1489,1489,2024,2,Cursando,5.9842289855000015,6.26,5.793478261000001,CURSANDO
RA-600,600,2024,2,Cursando,7.847373913,7.51,8.010869565,CURSANDO
RA-663,663,2024,2,Cursando,6.696419461700001,5.625,7.0910973085,CURSANDO
RA-1490,1490,2024,2,Cursando,7.3725768116,6.26,9.5652173915,CURSANDO
RA-1491,1491,2024,2,Cursando,7.5072,7.51,6.25,CURSANDO
RA-1066,1066,2024,2,Cursando,7.9326223603,6.26,8.3954451345,CURSANDO
RA-630,630,2024,2,Cursando,6.879985507300001,7.51,8.4782608695,CURSANDO
RA-1492,1492,2024,2,Cursando,8.479020512900002,7.51,8.8141025645,CURSANDO
RA-834,834,2024,2,Cursando,8.513646169700001,6.26,9.109730849,CURSANDO
RA-784,784,2024,2,Cursando,8.8857454545,5.635,9.7727272725,CURSANDO
RA-1059,1059,2024,2,Cursando,8.678450000000002,6.26,10.0,CURSANDO
RA-612,612,2024,2,Cursando,9.134040909100001,6.26,9.5454545455,CURSANDO
RA-1060,1060,2024,2,Cursando,6.448416666600001,6.26,6.0,CURSANDO
RA-761,761,2024,2,Cursando,8.174593939300001,6.26,8.8636363635,CURSANDO
RA-1493,1493,2024,2,Cursando,6.378661323900001,7.51,7.8468899525,CURSANDO
RA-665,665,2024,2,Cursando,5.698703030200001,5.63,5.068181818,CURSANDO
RA-1115,1115,2024,2,Cursando,6.570068686900001,7.51,4.2676767675,CURSANDO
RA-1061,1061,2024,2,Cursando,8.76595,6.26,10.0,CURSANDO
RA-1494,1494,2024,2,Cursando,5.8748823529,7.51,6.7794117645,CURSANDO
RA-1495,1495,2024,2,Cursando,8.4845030302,7.51,8.318181818,CURSANDO
RA-606,606,2024,2,Cursando,6.645260606100001,6.885,7.6136363634999995,CURSANDO
RA-594,594,2024,2,Cursando,6.890966666600001,6.26,5.75,CURSANDO
RA-1496,1496,2024,2,Cursando,6.7799738095,7.51,5.714285714500001,CURSANDO
RA-1497,1497,2024,2,Cursando,5.2423787879,7.51,5.0227272725,CURSANDO
RA-1498,1498,2024,2,Cursando,7.147881818200001,7.51,7.840909091,CURSANDO
RA-1499,1499,2024,2,Cursando,7.914800000000001,6.885,9.25,CURSANDO
RA-788,788,2024,2,Cursando,7.9221068268,6.26,9.519450801,CURSANDO
RA-1500,1500,2024,2,Cursando,7.360450000100002,6.885,8.3333333335,CURSANDO
RA-777,777,2024,2,Cursando,7.563515408100001,7.51,8.7757437075,CURSANDO
RA-1063,1063,2024,2,Cursando,7.279250000000001,7.51,9.75,CURSANDO
RA-664,664,2024,2,Cursando,7.5017244089,7.51,6.7734553775,CURSANDO
RA-1501,1501,2024,2,Cursando,8.04495,7.51,10.0,CURSANDO
RA-764,764,2024,2,Cursando,7.838370289900001,7.51,7.8804347825,CURSANDO
RA-1064,1064,2024,2,Cursando,8.9802350877,7.51,9.7368421055,CURSANDO
RA-1065,1065,2024,2,Cursando,8.8634934783,6.26,8.8152173915,CURSANDO
RA-1502,1502,2024,2,Cursando,6.886091025600001,7.51,7.628205128,CURSANDO
RA-781,781,2024,2,Cursando,8.496283333400001,7.51,9.75,CURSANDO
RA-608,608,2024,2,Cursando,5.778986231800001,6.885,3.054347826,CURSANDO
RA-796,796,2024,2,Cursando,7.052457703200001,7.51,8.2212885155,CURSANDO
RA-797,797,2024,2,Cursando,6.597315151500001,7.51,4.840909091,CURSANDO
RA-636,636,2024,2,Cursando,6.3802279106,7.51,4.9043062200000005,CURSANDO
RA-1140,1140,2024,2,Cursando,7.3473880383,7.51,6.112440191499999,CURSANDO
RA-1503,1503,2024,2,Cursando,6.991699999900001,7.51,10.0,CURSANDO
RA-814,814,2024,2,Cursando,7.971648484800001,7.51,9.090909091,CURSANDO
RA-637,637,2024,2,Cursando,7.6853212122,7.51,6.2272727275,CURSANDO
RA-652,652,2024,2,Cursando,7.361896969700001,7.51,6.931818182000001,CURSANDO
RA-816,816,2024,2,Cursando,8.929745454599999,7.51,9.7727272725,CURSANDO
RA-1504,1504,2024,2,Cursando,6.057060605999999,5.63,4.6136363634999995,CURSANDO
RA-638,638,2024,2,Cursando,6.7464878789,7.51,5.7272727275,CURSANDO
RA-1505,1505,2024,2,Cursando,6.7199171717,7.51,7.5252525255,CURSANDO
RA-643,643,2024,2,Cursando,6.402239075100001,7.51,6.8660287085,CURSANDO
RA-645,645,2024,2,Cursando,7.502239394,7.51,8.3863636365,CURSANDO
RA-1068,1068,2024,2,Cursando,9.0150030303,7.51,9.068181818,CURSANDO
RA-798,798,2024,2,Cursando,4.6743653679,7.51,3.5064935065,CURSANDO
RA-799,799,2024,2,Cursando,7.702648484900001,7.51,9.090909091,CURSANDO
RA-1506,1506,2024,2,Cursando,7.151855844200001,7.51,8.3874458875,CURSANDO
RA-802,802,2024,2,Cursando,7.8317974024999994,7.51,7.012987013,CURSANDO
RA-1507,1507,2024,2,Cursando,5.046077056300001,7.51,4.448051948,CURSANDO
RA-1071,1071,2024,2,Cursando,4.8048623378,7.51,4.188311688500001,CURSANDO
RA-1508,1508,2024,2,Cursando,8.1804207793,7.51,7.2294372295,CURSANDO
RA-1509,1509,2024,2,Cursando,7.560230303200001,7.51,6.5151515155,CURSANDO
RA-1510,1510,2024,2,Cursando,9.464745454400001,7.51,9.7727272725,CURSANDO
RA-785,785,2024,2,Cursando,9.1548666666,7.51,10.0,CURSANDO
RA-1511,1511,2024,2,Cursando,8.9217077641,7.51,9.3271221535,CURSANDO
RA-752,752,2024,2,Cursando,6.57279265,7.51,7.525879916999999,CURSANDO
RA-790,790,2024,2,Cursando,6.8089355072,7.51,6.811594203,CURSANDO
RA-590,590,2024,2,Cursando,6.712378053800001,6.26,8.457556936,CURSANDO
RA-1512,1512,2024,2,Cursando,8.10445,7.51,10.0,CURSANDO
RA-472,472,2024,2,Cursando,6.6397610766,7.51,7.48447205,CURSANDO
RA-628,628,2024,2,Cursando,8.2366166666,7.51,10.0,CURSANDO
RA-1513,1513,2024,2,Cursando,6.5509171717,7.51,7.5252525255,CURSANDO
RA-1514,1514,2024,2,Cursando,7.520576262600001,7.51,7.979797980000001,CURSANDO
RA-629,629,2024,2,Cursando,8.061295238200001,7.51,9.523809524,CURSANDO
RA-832,832,2024,2,Cursando,8.2403304348,7.51,8.695652174,CURSANDO
RA-1515,1515,2024,2,Cursando,5.832133333300001,6.255,6.6666666665,CURSANDO
RA-833,833,2024,2,Cursando,8.5184577641,7.51,9.3271221535,CURSANDO
RA-819,819,2024,2,Cursando,8.652552484400001,7.51,7.784679089,CURSANDO
RA-1073,1073,2024,3,Cursando,7.0859945773333335,7.5,6.370972886666667,CURSANDO
RA-494,494,2024,3,Cursando,7.922281328333334,8.755,7.329323308333333,CURSANDO
RA-484,484,2024,3,Cursando,3.8354776573333336,2.51,3.9141382866666667,CURSANDO
RA-496,496,2024,3,Cursando,6.726607507733334,6.255,5.315995871999999,CURSANDO
RA-1516,1516,2024,3,Cursando,7.217066033133334,9.38,5.404288499000001,CURSANDO
RA-1143,1143,2024,3,Cursando,5.881225668333334,9.38,5.201336675,CURSANDO
RA-1517,1517,2024,3,Cursando,6.240744444466667,9.38,4.305555555666667,CURSANDO
RA-1518,1518,2024,3,Cursando,5.721382142866666,9.38,5.714285714333333,CURSANDO
RA-227,227,2024,3,Cursando,8.074015455333335,9.38,8.097577276666668,CURSANDO
RA-487,487,2024,3,Cursando,9.4171373016,9.38,9.441269841333334,CURSANDO
RA-1076,1076,2024,3,Cursando,7.479598365200001,8.125,7.777033492666668,CURSANDO
RA-1084,1084,2024,3,Cursando,6.9071109649333335,5.63,7.705263158,CURSANDO
RA-1519,1519,2024,3,Cursando,7.210222117800001,8.755,5.560902255666666,CURSANDO
RA-490,490,2024,3,Cursando,7.368084290266667,8.755,5.5110047846666665,CURSANDO
RA-346,346,2024,3,Cursando,7.761749603200001,2.51,9.149206349333333,CURSANDO
RA-546,546,2024,3,Cursando,5.702426010066667,8.135,3.7838383836666662,CURSANDO
RA-1087,1087,2024,3,Cursando,6.913936532,8.755,8.393265993333333,CURSANDO
RA-493,493,2024,3,Cursando,7.4643250000000005,10.0,8.933333333333334,CURSANDO
RA-1520,1520,2024,3,Cursando,7.0026462121333335,8.75,9.060606060666666,CURSANDO
RA-1072,1072,2024,3,Cursando,7.8153856754,8.755,5.627886710333333,CURSANDO
RA-1521,1521,2024,3,Cursando,5.065788844333333,2.51,6.157902555,CURSANDO
RA-536,536,2024,3,Cursando,7.7704681818,8.135,9.109090909,CURSANDO
RA-1079,1079,2024,3,Cursando,5.4253413299333335,2.51,4.516498316333333,CURSANDO
RA-331,331,2024,3,Cursando,6.231045707066668,8.755,7.735353535333334,CURSANDO
RA-1522,1522,2024,3,Cursando,8.3261,9.38,10.0,CURSANDO
RA-1096,1096,2024,3,Cursando,9.189883333333334,8.755,9.866666666666667,CURSANDO
RA-513,513,2024,3,Cursando,8.728632539666668,8.135,8.831746031666666,CURSANDO
RA-531,531,2024,3,Cursando,7.9127926470666665,4.38,9.803921568666667,CURSANDO
RA-1523,1523,2024,3,Cursando,8.67371279,8.755,9.283272283333334,CURSANDO
RA-1524,1524,2024,3,Cursando,5.5473805555333335,7.51,2.777777777666667,CURSANDO
RA-1147,1147,2024,3,Cursando,5.833118518533334,8.755,6.125925926,CURSANDO
RA-479,479,2024,3,Cursando,8.901966666666668,2.51,9.866666666666667,CURSANDO
RA-517,517,2024,3,Cursando,5.880466583166668,2.51,5.266499582333334,CURSANDO
RA-325,325,2024,3,Cursando,8.385133333233336,7.51,9.866666666666667,CURSANDO
RA-1525,1525,2024,3,Cursando,7.778263492033334,5.63,8.293650793666666,CURSANDO
RA-518,518,2024,3,Cursando,6.3467483709,2.51,6.8300751879999995,CURSANDO
RA-1146,1146,2024,3,Cursando,5.3933086048000005,6.88,5.017209691,CURSANDO
RA-530,530,2024,3,Cursando,7.214534419433333,9.38,6.468838763666667,CURSANDO
RA-524,524,2024,3,Cursando,7.026322556366667,2.51,5.111779448666667,CURSANDO
RA-578,578,2024,3,Cursando,9.066199999966669,2.51,10.0,CURSANDO
RA-526,526,2024,3,Cursando,7.843157894833334,8.13,9.382456140333334,CURSANDO
RA-528,528,2024,3,Cursando,7.276330075300001,7.51,5.793483709333334,CURSANDO
RA-516,516,2024,3,Cursando,8.384033333366668,2.51,10.0,CURSANDO
RA-534,534,2024,3,Cursando,7.088855054266667,7.51,6.043441938333333,CURSANDO
RA-1097,1097,2024,3,Cursando,5.475324895633334,6.25,4.849791144666667,CURSANDO
RA-360,360,2024,3,Cursando,6.293175689166667,5.0,5.618045113,CURSANDO
RA-1526,1526,2024,3,Cursando,7.9798,8.75,10.0,CURSANDO
RA-1077,1077,2024,3,Cursando,5.543865740733334,6.885,7.703703703666666,CURSANDO
RA-508,508,2024,3,Cursando,6.771708625733333,7.51,5.567251461999999,CURSANDO
RA-363,363,2024,3,Cursando,7.617803571466666,5.625,9.523809524,CURSANDO
RA-340,340,2024,3,Cursando,6.715437329466668,7.51,6.585769980666666,CURSANDO
RA-1527,1527,2024,3,Cursando,8.631675000000001,7.51,10.0,CURSANDO
RA-509,509,2024,3,Cursando,6.918152272733334,2.51,6.363636363666667,CURSANDO
RA-500,500,2024,3,Cursando,8.077708333333334,2.51,10.0,CURSANDO
RA-1528,1528,2024,3,Cursando,7.622584090933335,7.51,7.787878788,CURSANDO
RA-1089,1089,2024,3,Cursando,7.6221531746,8.13,7.039682539666667,CURSANDO
RA-1090,1090,2024,3,Cursando,7.7652831384,7.51,7.621832358666666,CURSANDO
RA-503,503,2024,3,Cursando,8.547495614066667,7.51,9.824561403666666,CURSANDO
RA-1093,1093,2024,3,Cursando,8.5079027778,8.13,7.722222222333333,CURSANDO
RA-1094,1094,2024,3,Cursando,8.0164785714,2.51,9.523809523666666,CURSANDO
RA-1095,1095,2024,3,Cursando,6.108547514666667,7.51,7.84502924,CURSANDO
RA-1098,1098,2024,3,Cursando,6.5744562514,7.51,5.822406257,CURSANDO
RA-1106,1106,2024,3,Cursando,5.936272086266667,7.51,5.4312354313333335,CURSANDO
RA-568,568,2024,3,Cursando,5.545864285733334,8.13,3.2619047620000003,CURSANDO
RA-558,558,2024,3,Cursando,5.048054503133334,8.13,3.7763975156666674,CURSANDO
RA-559,559,2024,3,Cursando,6.158158974333333,8.13,5.705128205,CURSANDO
RA-1529,1529,2024,3,Cursando,6.710079487200001,7.51,7.435897436,CURSANDO
RA-1111,1111,2024,3,Cursando,6.116032815733334,7.5,4.600414078666667,CURSANDO
RA-1108,1108,2024,3,Cursando,6.017215010400001,8.13,3.7546583853333337,CURSANDO
RA-542,542,2024,3,Cursando,6.7205649586,8.13,6.481366459666667,CURSANDO
RA-543,543,2024,3,Cursando,8.0467871118,2.51,9.616977225666666,CURSANDO
RA-1530,1530,2024,3,Cursando,4.6391535714200005,8.13,2.5238095237666665,CURSANDO
RA-555,555,2024,3,Cursando,5.111470186333333,6.885,2.7505175983333334,CURSANDO
RA-1531,1531,2024,3,Cursando,7.0491790134,7.505,7.9726867336666665,CURSANDO
RA-1099,1099,2024,3,Cursando,7.332483333333334,10.0,8.133333333333333,CURSANDO
RA-1154,1154,2024,3,Cursando,7.5660750000000005,7.51,9.200000000000001,CURSANDO
RA-1100,1100,2024,3,Cursando,6.649708333333334,7.51,7.1000000000000005,CURSANDO
RA-381,381,2024,3,Cursando,5.940775,7.51,6.133333333333333,CURSANDO
RA-364,364,2024,3,Cursando,8.2697037582,7.51,9.526143791,CURSANDO
RA-539,539,2024,3,Cursando,8.465533333333335,7.51,9.233333333333333,CURSANDO
RA-573,573,2024,3,Cursando,7.839050000000001,8.755,9.5,CURSANDO
RA-1107,1107,2024,3,Cursando,5.9731,2.51,6.2,CURSANDO
RA-368,368,2024,3,Cursando,6.782158333333333,7.51,6.166666666666667,CURSANDO
RA-387,387,2024,3,Cursando,6.125500000000001,7.51,7.166666666666667,CURSANDO
RA-556,556,2024,3,Cursando,5.833377380933333,2.51,6.171428571333333,CURSANDO
RA-389,389,2024,3,Cursando,7.2079551282,8.76,6.674358974333333,CURSANDO
RA-390,390,2024,3,Cursando,6.5472236842000004,8.755,6.080701754333333,CURSANDO
RA-376,376,2024,3,Cursando,5.896573588800001,2.51,8.287284610666667,CURSANDO
RA-584,584,2024,3,Cursando,6.752914393933334,8.755,5.636363636333333,CURSANDO
RA-535,535,2024,3,Cursando,7.659555952400001,8.135,7.161904762,CURSANDO
RA-547,547,2024,3,Cursando,7.2102906723333335,8.135,7.030620028333334,CURSANDO
RA-557,557,2024,3,Cursando,9.350986466133334,7.51,8.756265663999999,CURSANDO
RA-548,548,2024,3,Cursando,7.240168803466668,7.51,7.600427350666667,CURSANDO
RA-1102,1102,2024,3,Cursando,8.440611904733334,8.13,9.390476190333333,CURSANDO
RA-1532,1532,2024,3,Cursando,4.548544781066667,7.51,3.9057239053333332,CURSANDO
RA-538,538,2024,3,Cursando,6.514094017066666,7.51,7.668803418666666,CURSANDO
RA-365,365,2024,3,Cursando,8.526983333333334,7.51,10.0,CURSANDO
RA-563,563,2024,3,Cursando,8.595447619066668,8.135,9.461904762000001,CURSANDO
RA-1157,1157,2024,3,Cursando,7.916082936533334,7.51,9.082539682666665,CURSANDO
RA-258,258,2024,3,Cursando,6.429063888866667,7.51,6.944444444333333,CURSANDO
RA-369,369,2024,3,Cursando,5.667282265,7.51,4.908119658333334,CURSANDO
RA-375,375,2024,3,Cursando,7.970034615400001,7.51,9.443589743666667,CURSANDO
RA-1533,1533,2024,3,Cursando,9.089828985533336,8.135,9.710144927666667,CURSANDO
RA-1534,1534,2024,3,Cursando,7.188366666666667,8.135,9.666666666666666,CURSANDO
RA-1160,1160,2024,3,Cursando,6.274190982333334,7.51,8.201288245,CURSANDO
RA-562,562,2024,3,Cursando,8.392733333333334,8.135,9.833333333333334,CURSANDO
RA-1112,1112,2024,3,Cursando,6.8560823939999995,8.135,9.02791197,CURSANDO
RA-1535,1535,2024,3,Cursando,7.109390969933334,7.51,5.103121516333333,CURSANDO
RA-1536,1536,2024,3,Cursando,7.653744444466668,8.135,8.722222222333334,CURSANDO
RA-357,357,2024,3,Cursando,7.731569404200001,8.135,9.028180354333333,CURSANDO
RA-583,583,2024,3,Cursando,7.447591035933334,8.135,8.904455179666668,CURSANDO
RA-1537,1537,2024,3,Cursando,8.176263231333333,8.135,8.33064949,CURSANDO
RA-599,599,2024,3,Cursando,8.3569352941,9.375,8.607843137333333,CURSANDO
RA-651,651,2024,3,Cursando,8.689300000100001,7.51,10.0,CURSANDO
RA-1131,1131,2024,3,Cursando,8.2889555555,6.255,9.277777777666666,CURSANDO
RA-403,403,2024,3,Cursando,8.008488888833334,7.51,7.361111111,CURSANDO
RA-1538,1538,2024,3,Cursando,7.9631703704333345,8.13,7.935185184999999,CURSANDO
RA-469,469,2024,3,Cursando,7.684639869300001,7.51,9.498366013,CURSANDO
RA-1121,1121,2024,3,Cursando,8.407166666633334,7.51,10.0,CURSANDO
RA-1122,1122,2024,3,Cursando,7.817322222166666,7.51,9.861111111,CURSANDO
RA-422,422,2024,3,Cursando,5.544981481433334,7.51,6.157407407333333,CURSANDO
RA-1117,1117,2024,3,Cursando,7.601562962866668,7.51,8.314814814666667,CURSANDO
RA-1539,1539,2024,3,Cursando,7.709588888900001,6.885,9.027777777666666,CURSANDO
RA-618,618,2024,3,Cursando,6.718348148233334,6.88,8.324074074,CURSANDO
RA-669,669,2024,3,Cursando,6.6438703703,7.51,4.851851851666666,CURSANDO
RA-408,408,2024,3,Cursando,6.5276296297,7.51,4.981481481666667,CURSANDO
RA-610,610,2024,3,Cursando,7.894888888933334,3.76,9.694444444333334,CURSANDO
RA-409,409,2024,3,Cursando,8.225462962900002,7.51,9.231481481333333,CURSANDO
RA-464,464,2024,3,Cursando,6.872009064333334,8.76,7.851461988333334,CURSANDO
RA-1165,1165,2024,3,Cursando,7.908044272466667,8.135,6.829721362333333,CURSANDO
RA-466,466,2024,3,Cursando,6.778749122800001,8.76,7.223245614,CURSANDO
RA-414,414,2024,3,Cursando,7.187625925933334,7.51,8.429629629666666,CURSANDO
RA-401,401,2024,3,Cursando,6.728911403533334,6.885,6.839473684333334,CURSANDO
RA-1141,1141,2024,3,Cursando,6.793890866866667,7.51,6.191537667666666,CURSANDO
RA-592,592,2024,3,Cursando,7.121622213600001,2.51,6.108152734666667,CURSANDO
RA-474,474,2024,3,Cursando,6.024753703733333,7.51,5.818518518666667,CURSANDO
RA-602,602,2024,3,Cursando,8.647409313733334,7.51,9.670588235333334,CURSANDO
RA-666,666,2024,3,Cursando,8.185838802933334,7.51,7.881527348,CURSANDO
RA-604,604,2024,3,Cursando,7.429623555266667,8.13,7.5029927763333335,CURSANDO
RA-476,476,2024,3,Cursando,6.7359982456,7.51,6.5964912280000005,CURSANDO
RA-423,423,2024,3,Cursando,6.616193704866666,8.13,6.501135191,CURSANDO
RA-631,631,2024,3,Cursando,6.795673420466667,8.75,7.2122004356666665,CURSANDO
RA-658,658,2024,3,Cursando,7.507033333333333,8.135,10.0,CURSANDO
RA-1540,1540,2024,3,Cursando,5.696233333333334,7.51,5.0,CURSANDO
RA-1541,1541,2024,3,Cursando,8.337,6.88,8.633333333333333,CURSANDO
RA-1114,1114,2024,3,Cursando,7.437466666666667,2.51,9.533333333333333,CURSANDO
RA-662,662,2024,3,Cursando,7.1074778554666675,7.51,7.6107226106666666,CURSANDO
RA-760,760,2024,3,Cursando,6.942581818200001,7.51,7.090909091,CURSANDO
RA-1542,1542,2024,3,Cursando,6.0886079922,8.135,6.304873294333333,CURSANDO
RA-404,404,2024,3,Cursando,6.624588235266668,2.51,6.286274509666666,CURSANDO
RA-1119,1119,2024,3,Cursando,7.388266666666667,7.51,8.716666666666667,CURSANDO
RA-1116,1116,2024,3,Cursando,3.7894777778,6.26,3.3555555556666667,CURSANDO
RA-667,667,2024,3,Cursando,7.177130604266668,7.51,7.038986354666666,CURSANDO
RA-605,605,2024,3,Cursando,6.0175222222,6.885,6.194444444333333,CURSANDO
RA-1543,1543,2024,3,Cursando,6.754584615400001,7.51,8.076923077,CURSANDO
RA-1118,1118,2024,3,Cursando,7.0305545924,9.38,7.846439628666666,CURSANDO
RA-1544,1544,2024,3,Cursando,6.905568627466667,6.885,8.674509804,CURSANDO
RA-1545,1545,2024,3,Cursando,7.296598575533334,8.13,6.210826211,CURSANDO
RA-1127,1127,2024,3,Cursando,8.180966666666668,7.51,10.0,CURSANDO
RA-1129,1129,2024,3,Cursando,7.360417647066668,8.13,7.137254902,CURSANDO
RA-1546,1546,2024,3,Cursando,6.900662108266667,8.75,6.374643874666667,CURSANDO
RA-1130,1130,2024,3,Cursando,6.563952941199999,8.13,6.278431372666667,CURSANDO
RA-1168,1168,2024,3,Cursando,6.864053921600001,7.51,7.682352941333334,CURSANDO
RA-613,613,2024,3,Cursando,7.4019,7.51,9.566666666666666,CURSANDO
RA-433,433,2024,3,Cursando,7.218157142866668,8.13,8.380952381,CURSANDO
RA-1547,1547,2024,3,Cursando,6.748480626800001,8.13,6.467236467333334,CURSANDO
RA-1548,1548,2024,3,Cursando,6.482499715066667,7.51,5.2421652420000004,CURSANDO
RA-304,304,2024,3,Cursando,6.852411484600001,7.51,7.826890756333333,CURSANDO
RA-1549,1549,2024,3,Cursando,6.514862200466668,7.51,7.441394335666668,CURSANDO
RA-632,632,2024,3,Cursando,7.515491249000001,6.875,8.999164578333334,CURSANDO
RA-633,633,2024,3,Cursando,5.228470175466667,2.51,4.707017544,CURSANDO
RA-1137,1137,2024,3,Cursando,7.1837526524666675,8.13,7.588638262333333,CURSANDO
RA-646,646,2024,3,Cursando,7.715491666666668,7.51,9.266666666666667,CURSANDO
RA-1550,1550,2024,3,Cursando,6.064236111066667,7.51,5.222222222,CURSANDO
RA-1139,1139,2024,3,Cursando,6.906276357600001,7.51,6.152715121333333,CURSANDO
RA-444,444,2024,3,Cursando,5.410188638266668,2.51,6.377276524666667,CURSANDO
RA-445,445,2024,3,Cursando,7.3416246032,7.51,8.715873016,CURSANDO
RA-639,639,2024,3,Cursando,5.7693807644,2.51,5.278195488666667,CURSANDO
RA-1142,1142,2024,3,Cursando,8.390566666666668,7.51,9.133333333333333,CURSANDO
RA-1551,1551,2024,3,Cursando,5.9717087542,7.51,4.7710437709999995,CURSANDO
RA-458,458,2024,3,Cursando,5.680161507933333,6.88,3.7396825396666666,CURSANDO
RA-1552,1552,2024,3,Cursando,7.443301282066667,7.51,9.743589743666666,CURSANDO
RA-1170,1170,2024,3,Cursando,6.095440873,8.13,5.565079365,CURSANDO
RA-642,642,2024,3,Cursando,7.082591269866667,3.76,9.149206349333333,CURSANDO
RA-1553,1553,2024,3,Cursando,7.641184313700001,7.51,9.003921568666668,CURSANDO
RA-1554,1554,2024,3,Cursando,6.941692592633334,8.76,9.629629629666667,CURSANDO
RA-649,649,2024,3,Cursando,6.985329691766667,8.76,6.004481792666667,CURSANDO
RA-1136,1136,2024,3,Cursando,5.458179831866667,8.135,4.547899159666667,CURSANDO
RA-653,653,2024,3,Cursando,8.103217647033333,8.76,9.537254901999999,CURSANDO
RA-456,456,2024,3,Cursando,8.331124561366668,7.51,9.382456140333334,CURSANDO
RA-655,655,2024,3,Cursando,8.238600000066668,8.76,10.0,CURSANDO
RA-656,656,2024,3,Cursando,6.668152941266667,7.51,5.978431372666667,CURSANDO
RA-657,657,2024,3,Cursando,8.207433333400001,6.885,9.6,CURSANDO
RA-1555,1555,2024,3,Cursando,7.4827333334,6.255,10.0,CURSANDO
RA-461,461,2024,3,Cursando,7.5447559291,7.51,9.182446312,CURSANDO
RA-398,398,2024,3,Cursando,7.2457999999666685,7.51,5.733333333333333,CURSANDO
RA-586,586,2024,3,Cursando,8.702387301666668,7.51,9.241269841333333,CURSANDO
RA-623,623,2024,3,Cursando,6.357733333300001,6.885,7.3999999999999995,CURSANDO
RA-588,588,2024,3,Cursando,8.676133333333334,7.51,9.833333333333334,CURSANDO
RA-626,626,2024,3,Cursando,6.407590225500001,6.885,3.380451127666667,CURSANDO
RA-1556,1556,2024,3,Cursando,6.666811111166668,7.51,5.222222222333333,CURSANDO
RA-455,455,2024,3,Cursando,7.098988888900001,8.13,6.111111111,CURSANDO
RA-614,614,2024,3,Cursando,7.8284999999666685,7.51,9.700000000000001,CURSANDO
RA-434,434,2024,3,Cursando,6.610947619100001,7.51,5.061904762,CURSANDO
RA-603,603,2024,3,Cursando,6.942277777866667,6.885,7.155555555666666,CURSANDO
RA-1133,1133,2024,3,Cursando,8.238553968266668,8.75,9.841269841333334,CURSANDO
RA-616,616,2024,3,Cursando,5.457877193033333,6.885,3.087719298333333,CURSANDO
RA-1134,1134,2024,3,Cursando,7.7564571427,7.51,8.914285714,CURSANDO
RA-1557,1557,2024,3,Cursando,8.228500000033334,7.51,8.916666666666666,CURSANDO
RA-670,670,2024,3,Cursando,8.8602539683,7.51,9.441269841333334,CURSANDO
RA-620,620,2024,3,Cursando,5.766892063566667,7.51,3.9841269843333333,CURSANDO
RA-1149,1149,2024,4,Cursando,8.1371,10.0,10.0,CURSANDO
RA-1558,1558,2024,4,Cursando,7.643772047733333,8.755,8.705360238666666,CURSANDO
RA-326,326,2024,4,Cursando,8.832389092333335,6.26,8.973112128333334,CURSANDO
RA-339,339,2024,4,Cursando,7.711540746133334,5.635,7.155537064000001,CURSANDO
RA-179,179,2024,4,Cursando,8.932712280733334,9.38,9.407894737,CURSANDO
RA-1559,1559,2024,4,Cursando,6.330428437666668,6.885,5.2929755216666665,CURSANDO
RA-332,332,2024,4,Cursando,8.421271701,9.38,7.605358505000001,CURSANDO
RA-1560,1560,2024,4,Cursando,8.4721031746,5.635,9.206349206333334,CURSANDO
RA-1153,1153,2024,4,Cursando,8.268876190466667,5.635,9.702380952333334,CURSANDO
RA-183,183,2024,4,Cursando,8.266902371533334,6.26,9.249011857666666,CURSANDO
RA-199,199,2024,4,Cursando,7.419398245666667,6.88,7.554824561666667,CURSANDO
RA-1561,1561,2024,4,Cursando,7.9402206349333335,5.0,9.174603174666666,CURSANDO
RA-336,336,2024,4,Cursando,6.834286748466667,6.26,5.512100409000001,CURSANDO
RA-347,347,2024,4,Cursando,8.384742583733333,6.885,9.673046251999999,CURSANDO
RA-397,397,2024,4,Cursando,6.807291921866668,5.63,7.885292942666666,CURSANDO
RA-338,338,2024,4,Cursando,8.052795331466667,7.51,7.441643324,CURSANDO
RA-392,392,2024,4,Cursando,4.3639463364,5.635,5.414731682,CURSANDO
RA-352,352,2024,4,Cursando,5.9794829346,6.26,4.453748006333333,CURSANDO
RA-1562,1562,2024,4,Cursando,5.458833333333334,5.01,8.666666666666666,CURSANDO
RA-367,367,2024,4,Cursando,7.209434085200001,6.26,7.268170426,CURSANDO
RA-1563,1563,2024,4,Cursando,7.604211111133335,7.51,8.305555555666666,CURSANDO
RA-1564,1564,2024,4,Cursando,5.0761468806000005,6.885,4.942067736333334,CURSANDO
RA-1565,1565,2024,4,Cursando,5.816448179266667,7.51,8.102240896333333,CURSANDO
RA-1566,1566,2024,4,Cursando,7.759243871133334,7.51,9.247219355666667,CURSANDO
RA-1567,1567,2024,4,Cursando,7.913942087533334,7.51,8.771043771,CURSANDO
RA-356,356,2024,4,Cursando,6.627336016533334,5.635,6.656346749333334,CURSANDO
RA-1568,1568,2024,4,Cursando,7.8003261438000004,7.51,7.493464052333334,CURSANDO
RA-247,247,2024,4,Cursando,6.646485739800001,6.26,8.306595365666666,CURSANDO
RA-204,204,2024,4,Cursando,7.838218894866668,6.26,6.827094474333333,CURSANDO
RA-1569,1569,2024,4,Cursando,5.7191555556,6.26,7.111111111333334,CURSANDO
RA-1570,1570,2024,4,Cursando,7.894084175066667,7.51,7.542087542,CURSANDO
RA-1571,1571,2024,4,Cursando,7.2484555556,5.005,9.111111111333335,CURSANDO
RA-1572,1572,2024,4,Cursando,8.080345634866667,7.51,9.841269841333334,CURSANDO
RA-1150,1150,2024,4,Cursando,7.1023212964,7.51,6.481481481666667,CURSANDO
RA-1573,1573,2024,4,Cursando,6.743847969266667,6.26,6.120448179333334,CURSANDO
RA-1574,1574,2024,4,Cursando,7.777244180000001,7.51,8.399470899666667,CURSANDO
RA-1151,1151,2024,4,Cursando,8.749111111066668,5.635,9.722222222333334,CURSANDO
RA-1575,1575,2024,4,Cursando,7.318459391466667,6.885,8.624338624,CURSANDO
RA-1081,1081,2024,4,Cursando,8.5452952381,5.005,9.523809523666666,CURSANDO
RA-342,342,2024,4,Cursando,6.757026587266667,6.26,7.728174603333334,CURSANDO
RA-1576,1576,2024,4,Cursando,7.4636202380666665,5.635,9.523809523666666,CURSANDO
RA-187,187,2024,4,Cursando,8.568424074066666,5.635,9.537037037,CURSANDO
RA-359,359,2024,4,Cursando,7.492006349133335,6.26,7.162698412666667,CURSANDO
RA-1577,1577,2024,4,Cursando,6.305585581933334,7.51,4.993386243333333,CURSANDO
RA-236,236,2024,4,Cursando,6.980833740133334,6.26,7.890668700666666,CURSANDO
RA-249,249,2024,4,Cursando,6.125104328999999,5.0,6.645021645,CURSANDO
RA-239,239,2024,4,Cursando,6.782180868800001,5.635,6.361737677333333,CURSANDO
RA-382,382,2024,4,Cursando,5.805712280733333,5.63,6.324561403666666,CURSANDO
RA-383,383,2024,4,Cursando,8.036024386733335,7.51,8.600288600333334,CURSANDO
RA-1155,1155,2024,4,Cursando,7.119011111133333,5.005,8.888888889,CURSANDO
RA-384,384,2024,4,Cursando,8.072200721466668,7.51,8.607503607333333,CURSANDO
RA-1156,1156,2024,4,Cursando,6.6777135642,7.51,7.821067821,CURSANDO
RA-1578,1578,2024,4,Cursando,7.880605848,7.51,6.761695906666667,CURSANDO
RA-388,388,2024,4,Cursando,5.965307936466667,7.51,6.349206349,CURSANDO
RA-260,260,2024,4,Cursando,8.448920634933334,7.51,9.674603174666666,CURSANDO
RA-395,395,2024,4,Cursando,7.169905291000001,6.26,6.921693121666666,CURSANDO
RA-262,262,2024,4,Cursando,5.806145462066667,7.51,4.854560643666667,CURSANDO
RA-1579,1579,2024,4,Cursando,7.894385710733333,5.635,9.090261886999999,CURSANDO
RA-1580,1580,2024,4,Cursando,7.790523996266667,7.51,9.049953314666666,CURSANDO
RA-377,377,2024,4,Cursando,7.480115873000001,7.51,7.698412698333333,CURSANDO
RA-250,250,2024,4,Cursando,9.049892592566668,6.88,9.629629629666667,CURSANDO
RA-1581,1581,2024,4,Cursando,6.9787022855,6.26,7.834844760666667,CURSANDO
RA-1582,1582,2024,4,Cursando,6.472788888966667,6.255,8.069444444333334,CURSANDO
RA-1583,1583,2024,4,Cursando,7.8197579711000005,6.26,7.753623188333333,CURSANDO
RA-450,450,2024,4,Cursando,7.526188206666666,5.63,8.954191033333332,CURSANDO
RA-426,426,2024,4,Cursando,6.6430030186,4.38,7.9050567596666665,CURSANDO
RA-1584,1584,2024,4,Cursando,7.429837830666667,7.51,9.153439153333332,CURSANDO
RA-313,313,2024,4,Cursando,7.2528500000000005,5.63,9.666666666666666,CURSANDO
RA-467,467,2024,4,Cursando,7.7298118421333335,5.01,9.140350877333333,CURSANDO
RA-1585,1585,2024,4,Cursando,6.730367016866668,7.51,6.775210084333334,CURSANDO
RA-432,432,2024,4,Cursando,7.167975,6.26,10.0,CURSANDO
RA-1586,1586,2024,4,Cursando,6.555764327466668,5.01,6.128654970666666,CURSANDO
RA-470,470,2024,4,Cursando,6.981130848,7.51,8.011695906666667,CURSANDO
RA-417,417,2024,4,Cursando,8.533628557533333,7.51,8.401559454333333,CURSANDO
RA-407,407,2024,4,Cursando,7.0875128168,6.26,7.614522417333333,CURSANDO
RA-1587,1587,2024,4,Cursando,7.34055,7.51,10.0,CURSANDO
RA-1588,1588,2024,4,Cursando,7.303823728133333,7.51,8.640618640666666,CURSANDO
RA-424,424,2024,4,Cursando,7.341187280733334,7.51,9.616228070333333,CURSANDO
RA-1193,1193,2024,4,Cursando,6.6304815790000005,5.635,7.763157895,CURSANDO
RA-411,411,2024,4,Cursando,7.279762962966667,5.635,9.148148147999999,CURSANDO
RA-412,412,2024,4,Cursando,8.044378070166667,6.26,8.456140351,CURSANDO
RA-428,428,2024,4,Cursando,7.534949122800001,5.635,8.898245614,CURSANDO
RA-315,315,2024,4,Cursando,6.0768703704,7.51,5.918518518666667,CURSANDO
RA-442,442,2024,4,Cursando,6.905439215666667,5.635,5.9151960783333335,CURSANDO
RA-301,301,2024,4,Cursando,8.410830701766667,7.51,7.4947368423333325,CURSANDO
RA-1163,1163,2024,4,Cursando,8.6794789474,7.51,9.824561403666666,CURSANDO
RA-402,402,2024,4,Cursando,5.683064814833333,6.26,3.074074074,CURSANDO
RA-1589,1589,2024,4,Cursando,5.260851851866667,7.51,6.259259259333334,CURSANDO
RA-1162,1162,2024,4,Cursando,7.473167836266667,6.26,9.135672514666666,CURSANDO
RA-471,471,2024,4,Cursando,6.635847117766667,7.51,7.027568922333333,CURSANDO
RA-416,416,2024,4,Cursando,8.700808577033333,7.51,8.972709551666666,CURSANDO
RA-303,303,2024,4,Cursando,6.2443426900666665,7.51,3.9520467836666664,CURSANDO
RA-418,418,2024,4,Cursando,9.125183333366667,7.51,10.0,CURSANDO
RA-419,419,2024,4,Cursando,8.355707894766669,6.26,9.382456140666667,CURSANDO
RA-420,420,2024,4,Cursando,7.544228947400001,6.26,9.557894737,CURSANDO
RA-1166,1166,2024,4,Cursando,7.452799122766667,6.26,8.498245614,CURSANDO
RA-425,425,2024,4,Cursando,9.016616666700001,6.26,10.0,CURSANDO
RA-1590,1590,2024,4,Cursando,8.1907875086,7.51,8.267770876333332,CURSANDO
RA-1591,1591,2024,4,Cursando,6.1707952862,7.51,6.430976431,CURSANDO
RA-273,273,2024,4,Cursando,6.5991307798,6.26,7.323153899,CURSANDO
RA-1592,1592,2024,4,Cursando,6.812545479666667,7.51,6.854727398333334,CURSANDO
RA-457,457,2024,4,Cursando,8.5892756038,7.51,8.743961352333335,CURSANDO
RA-305,305,2024,4,Cursando,6.693026811600001,6.26,7.898550724666666,CURSANDO
RA-421,421,2024,4,Cursando,8.488232329,7.51,9.540744978333334,CURSANDO
RA-1169,1169,2024,4,Cursando,6.885305555533334,5.635,8.444444444333334,CURSANDO
RA-1593,1593,2024,4,Cursando,6.638525017333334,6.26,4.868875086666667,CURSANDO
RA-1594,1594,2024,4,Cursando,5.731267287800001,6.26,6.112836439,CURSANDO
RA-283,283,2024,4,Cursando,7.9444309524,6.885,9.761904762,CURSANDO
RA-459,459,2024,4,Cursando,7.233804589400001,5.635,8.454106280333333,CURSANDO
RA-454,454,2024,4,Cursando,5.8522943469666675,6.255,6.633138401666667,CURSANDO
RA-1595,1595,2024,4,Cursando,6.6599304233000005,6.26,7.949735449666666,CURSANDO
RA-1596,1596,2024,4,Cursando,7.261016666766667,7.51,10.0,CURSANDO
RA-170,170,2024,4,Cursando,7.646383333300001,5.635,8.5,CURSANDO
RA-1597,1597,2024,4,Cursando,6.7187063492,7.51,8.412698412666666,CURSANDO
RA-1171,1171,2024,4,Cursando,7.6236817459,7.51,7.230158729999999,CURSANDO
RA-116,116,2024,5,Cursando,6.337470707133334,5.635,7.535353535666666,CURSANDO
RA-217,217,2024,5,Cursando,7.4209164502,6.26,8.917748917666666,CURSANDO
RA-103,103,2024,5,Cursando,8.775268254,6.26,9.603174603333335,CURSANDO
RA-178,178,2024,5,Cursando,7.234168831200001,6.26,8.739177489333334,CURSANDO
RA-1172,1172,2024,5,Cursando,5.719565079333334,6.26,6.0634920633333325,CURSANDO
RA-180,180,2024,5,Cursando,8.801463636333335,7.51,9.431818181666666,CURSANDO
RA-181,181,2024,5,Cursando,7.439841414133334,6.26,8.737373737333334,CURSANDO
RA-121,121,2024,5,Cursando,7.476158297266668,6.26,8.152958153,CURSANDO
RA-211,211,2024,5,Cursando,8.283601875933334,7.51,9.379509379666667,CURSANDO
RA-1198,1198,2024,5,Cursando,6.9217748918,7.51,9.458874459,CURSANDO
RA-110,110,2024,5,Cursando,8.6324939394,6.255,9.696969697,CURSANDO
RA-189,189,2024,5,Cursando,8.586533333333334,6.255,10.0,CURSANDO
RA-127,127,2024,5,Cursando,8.5605939394,7.51,9.488636363666666,CURSANDO
RA-115,115,2024,5,Cursando,5.404184695733334,6.26,4.164756812,CURSANDO
RA-215,215,2024,5,Cursando,7.045258874400002,6.26,6.455627705333334,CURSANDO
RA-1598,1598,2024,5,Cursando,8.4656285714,7.51,8.857142857,CURSANDO
RA-1174,1174,2024,5,Cursando,7.374213419866667,6.26,8.349567099333333,CURSANDO
RA-192,192,2024,5,Cursando,6.882960606066668,7.51,6.363636363666667,CURSANDO
RA-220,220,2024,5,Cursando,7.6987770562666675,6.26,8.198051948,CURSANDO
RA-186,186,2024,5,Cursando,8.325963636333334,6.26,9.640151515,CURSANDO
RA-1181,1181,2024,5,Cursando,6.2015816738666665,6.26,5.036075036,CURSANDO
RA-1599,1599,2024,5,Cursando,7.6059333333333345,7.51,9.666666666666666,CURSANDO
RA-111,111,2024,5,Cursando,8.667693939400001,6.26,9.488636363666666,CURSANDO
RA-1600,1600,2024,5,Cursando,6.750618518533334,6.26,8.425925926,CURSANDO
RA-1601,1601,2024,5,Cursando,7.2431,7.51,7.0,CURSANDO
RA-176,176,2024,5,Cursando,8.828632575733334,6.26,9.545454545333333,CURSANDO
RA-1602,1602,2024,5,Cursando,8.041889814800001,7.51,8.782407407333332,CURSANDO
RA-1603,1603,2024,5,Cursando,7.836518518466668,7.51,9.259259258999998,CURSANDO
RA-1604,1604,2024,5,Cursando,8.0118555556,7.51,7.777777778,CURSANDO
RA-193,193,2024,5,Cursando,8.465046969666668,6.26,9.848484848333333,CURSANDO
RA-195,195,2024,5,Cursando,8.4690496032,6.26,9.682539682666667,CURSANDO
RA-196,196,2024,5,Cursando,8.823550937933334,7.51,9.689754689666666,CURSANDO
RA-197,197,2024,5,Cursando,8.568238636333334,6.26,9.848484848333333,CURSANDO
RA-229,229,2024,5,Cursando,8.852545634933334,5.635,9.841269841333334,CURSANDO
RA-202,202,2024,5,Cursando,7.3512154762,6.26,7.880952381,CURSANDO
RA-1176,1176,2024,5,Cursando,8.914816269866666,6.26,9.682539682666667,CURSANDO
RA-1177,1177,2024,5,Cursando,8.3233039474,6.26,9.824561403666666,CURSANDO
RA-146,146,2024,5,Cursando,8.134554885333333,5.635,9.514316093333333,CURSANDO
RA-1199,1199,2024,5,Cursando,7.614235714266666,5.005,8.571428571333334,CURSANDO
RA-1178,1178,2024,5,Cursando,8.0934746032,6.26,9.682539682666667,CURSANDO
RA-149,149,2024,5,Cursando,5.7316173854,6.26,4.104378593666667,CURSANDO
RA-1605,1605,2024,5,Cursando,4.920488888866667,7.51,5.0694444443333335,CURSANDO
RA-107,107,2024,5,Cursando,6.676130827066667,7.51,7.9949874686666655,CURSANDO
RA-184,184,2024,5,Cursando,8.471456704266666,6.26,8.696741854666667,CURSANDO
RA-1606,1606,2024,5,Cursando,5.8216796296,7.51,5.148148148,CURSANDO
RA-1607,1607,2024,5,Cursando,4.899894444466667,5.635,6.222222222333333,CURSANDO
RA-1608,1608,2024,5,Cursando,7.072539814866667,7.51,7.199074074333335,CURSANDO
RA-1173,1173,2024,5,Cursando,8.220132915666667,7.51,9.665831245,CURSANDO
RA-237,237,2024,5,Cursando,7.931384271366667,6.26,9.689754689666666,CURSANDO
RA-147,147,2024,5,Cursando,7.400477922133334,7.51,9.277056277,CURSANDO
RA-131,131,2024,5,Cursando,7.263155555633333,7.51,9.444444444666667,CURSANDO
RA-1609,1609,2024,5,Cursando,7.577233333233334,7.51,9.666666666666666,CURSANDO
RA-137,137,2024,5,Cursando,6.576761183366667,5.005,7.582972583,CURSANDO
RA-1184,1184,2024,5,Cursando,7.411701731566668,7.51,8.658008657666668,CURSANDO
RA-138,138,2024,5,Cursando,7.3860274169,7.51,8.751803751666666,CURSANDO
RA-1610,1610,2024,5,Cursando,6.7023729275666675,7.51,7.753697970666667,CURSANDO
RA-1611,1611,2024,5,Cursando,6.4589186218000005,7.51,8.361426442,CURSANDO
RA-1612,1612,2024,5,Cursando,7.014528571366666,7.51,8.523809523666666,CURSANDO
RA-1188,1188,2024,5,Cursando,7.801633333400001,7.51,10.0,CURSANDO
RA-1613,1613,2024,5,Cursando,6.085471428700001,7.51,7.1428571430000005,CURSANDO
RA-244,244,2024,5,Cursando,8.7225,6.26,10.0,CURSANDO
RA-267,267,2024,5,Cursando,5.8963067819666675,6.26,8.285533910333333,CURSANDO
RA-1189,1189,2024,5,Cursando,7.6486387164,7.51,8.672360248333332,CURSANDO
RA-113,113,2024,5,Cursando,7.043536903066667,7.51,7.063851181666667,CURSANDO
RA-152,152,2024,5,Cursando,6.5837938596,5.63,7.337719298333333,CURSANDO
RA-318,318,2024,5,Cursando,7.025000925866668,7.51,9.129629629666667,CURSANDO
RA-274,274,2024,5,Cursando,8.651029629666667,5.635,9.648148147999999,CURSANDO
RA-319,319,2024,5,Cursando,7.948699561466667,7.51,9.024122807,CURSANDO
RA-160,160,2024,5,Cursando,6.855108333266668,6.26,7.416666666666667,CURSANDO
RA-161,161,2024,5,Cursando,7.258445588333334,6.26,7.965686274666666,CURSANDO
RA-1614,1614,2024,5,Cursando,6.787898989933334,7.51,6.574494949666668,CURSANDO
RA-164,164,2024,5,Cursando,6.837125731066667,6.26,8.084795321666666,CURSANDO
RA-165,165,2024,5,Cursando,8.4627502436,7.51,9.431042884999998,CURSANDO
RA-1615,1615,2024,5,Cursando,8.417533333333333,7.51,9.833333333333334,CURSANDO
RA-1616,1616,2024,5,Cursando,7.147738235266668,7.51,8.436274509666667,CURSANDO
RA-271,271,2024,5,Cursando,7.400633333333334,6.26,8.958333333333334,CURSANDO
RA-316,316,2024,5,Cursando,8.708925,7.51,10.0,CURSANDO
RA-286,286,2024,5,Cursando,5.123180882333333,6.26,4.031862745000001,CURSANDO
RA-320,320,2024,5,Cursando,8.442258333333335,7.51,10.0,CURSANDO
RA-1207,1207,2024,5,Cursando,6.509169736866667,7.51,6.581140350999999,CURSANDO
RA-1617,1617,2024,5,Cursando,4.926285714266666,7.51,5.571428571333333,CURSANDO
RA-158,158,2024,5,Cursando,6.855159259266667,6.26,7.796296296333334,CURSANDO
RA-306,306,2024,5,Cursando,6.1661539474,7.51,7.699561403666666,CURSANDO
RA-1618,1618,2024,5,Cursando,7.0487660130666665,7.51,7.908496732000001,CURSANDO
RA-308,308,2024,5,Cursando,7.489282456133334,5.635,8.714912280666667,CURSANDO
RA-1619,1619,2024,5,Cursando,7.393951851866667,7.51,9.259259259333334,CURSANDO
RA-299,299,2024,5,Cursando,8.177186956533333,6.26,8.963768115999999,CURSANDO
RA-251,251,2024,5,Cursando,6.7135006212,5.63,8.612836439,CURSANDO
RA-157,157,2024,5,Cursando,8.950566666733334,6.26,10.0,CURSANDO
RA-1620,1620,2024,5,Cursando,6.652766666666667,7.51,6.666666666666667,CURSANDO
RA-321,321,2024,5,Cursando,8.125807932933334,6.26,9.534706331,CURSANDO
RA-1195,1195,2024,5,Cursando,7.5085144926666665,5.63,9.855072463666666,CURSANDO
RA-1200,1200,2024,5,Cursando,5.6415838956,6.26,7.099419478000001,CURSANDO
RA-278,278,2024,5,Cursando,8.907314492800001,7.51,9.855072463666666,CURSANDO
RA-85,85,2024,5,Cursando,6.999509385733333,3.755,8.668046928999999,CURSANDO
RA-279,279,2024,5,Cursando,9.113133333366667,7.51,10.0,CURSANDO
RA-1621,1621,2024,5,Cursando,8.107033333366667,6.26,10.0,CURSANDO
RA-280,280,2024,5,Cursando,8.822714492700001,6.26,9.855072463666666,CURSANDO
RA-1201,1201,2024,5,Cursando,8.376195238033333,7.51,9.523809523666666,CURSANDO
RA-1622,1622,2024,5,Cursando,8.429066666633334,7.51,10.0,CURSANDO
RA-132,132,2024,6,Cursando,8.4746321428,7.51,8.380952380666665,CURSANDO
RA-42,42,2024,6,Cursando,7.656628769866667,5.635,9.682539682666667,CURSANDO
RA-1623,1623,2024,6,Cursando,7.7609537037333345,6.26,8.518518518666667,CURSANDO
RA-106,106,2024,6,Cursando,7.721664285733334,5.635,8.761904762,CURSANDO
RA-123,123,2024,6,Cursando,6.887248015866668,5.635,8.412698412666666,CURSANDO
RA-125,125,2024,6,Cursando,6.627079761933334,7.51,5.6428571430000005,CURSANDO
RA-1624,1624,2024,6,Cursando,7.743213492066667,7.51,9.460317460333334,CURSANDO
RA-1625,1625,2024,6,Cursando,6.888194089266667,7.51,7.112887113,CURSANDO
RA-1626,1626,2024,6,Cursando,8.541085606066668,7.51,9.696969697,CURSANDO
RA-1627,1627,2024,6,Cursando,7.481547222200001,7.51,7.777777777666667,CURSANDO
RA-1628,1628,2024,6,Cursando,7.500131368600001,7.51,8.509823509666667,CURSANDO
RA-112,112,2024,6,Cursando,8.052609920666667,7.51,7.978174603333333,CURSANDO
RA-1629,1629,2024,6,Cursando,7.560550529133334,7.51,8.645502645666667,CURSANDO
RA-91,91,2024,6,Cursando,7.426704761933335,5.635,7.476190476333334,CURSANDO
RA-167,167,2024,6,Cursando,8.033470175466666,6.26,9.473684210666667,CURSANDO
RA-1203,1203,2024,6,Cursando,8.9495245614,7.51,9.649122807,CURSANDO
RA-94,94,2024,6,Cursando,8.637033333333335,6.26,9.666666666666666,CURSANDO
RA-81,81,2024,6,Cursando,8.256566666666668,6.26,9.333333333333334,CURSANDO
RA-1630,1630,2024,6,Cursando,8.583133333333334,7.51,9.833333333333334,CURSANDO
RA-171,171,2024,6,Cursando,7.3289333333333335,5.635,7.833333333333333,CURSANDO
RA-1220,1220,2024,6,Cursando,7.143244444466667,6.885,8.555555555666666,CURSANDO
RA-1631,1631,2024,6,Cursando,8.186433333333333,7.51,10.0,CURSANDO
RA-1632,1632,2024,6,Cursando,8.389333333333335,7.51,10.0,CURSANDO
RA-1210,1210,2024,6,Cursando,8.2302,7.51,10.0,CURSANDO
RA-175,175,2024,6,Cursando,8.024136842133334,6.26,9.473684210666667,CURSANDO
RA-80,80,2024,7,Cursando,8.131659175733333,8.13,7.8961292116666675,CURSANDO
RA-40,40,2024,7,Cursando,7.098051462066667,8.13,7.211257310000001,CURSANDO
RA-1214,1214,2024,7,Cursando,8.5902971362,8.13,9.081527348,CURSANDO
RA-92,92,2024,7,Cursando,8.052279017,7.51,8.769145085,CURSANDO
RA-45,45,2024,7,Cursando,8.743476190400001,9.38,9.619047619,CURSANDO
RA-56,56,2024,7,Cursando,9.077020175400001,10.0,9.265350877333333,CURSANDO
RA-57,57,2024,7,Cursando,7.4193804301999995,6.88,6.010860484333333,CURSANDO
RA-58,58,2024,7,Cursando,8.7713289474,7.51,9.824561403666666,CURSANDO
RA-78,78,2024,7,Cursando,8.1780308688,8.755,8.028404344,CURSANDO
RA-87,87,2024,7,Cursando,9.437924561333332,9.375,9.649122807,CURSANDO
RA-64,64,2024,7,Cursando,8.743607059266667,8.135,8.980785296666667,CURSANDO
RA-48,48,2024,7,Cursando,8.402390371800001,9.375,8.339076859,CURSANDO
RA-1230,1230,2024,7,Cursando,4.7612000000000005,7.195,0.0,CURSANDO
RA-90,90,2024,7,Cursando,8.352033333333335,6.885,9.0,CURSANDO
RA-269,269,2024,7,Cursando,8.4773,7.505,9.6,CURSANDO
RA-270,270,2024,7,Cursando,4.79255,6.2575,0.0,CURSANDO
RA-76,76,2024,7,Cursando,8.152033333333334,6.885,9.0,CURSANDO
RA-153,153,2024,7,Cursando,4.78185,6.5675,0.0,CURSANDO
RA-1226,1226,2024,7,Cursando,7.785233333333334,6.885,9.0,CURSANDO
RA-93,93,2024,7,Cursando,8.275550000066668,6.2575,9.931666667,CURSANDO
RA-119,119,2024,7,Cursando,8.085299999933333,6.57,9.983333333,CURSANDO
RA-241,241,2024,7,Cursando,8.311616666733334,7.1975,9.891666667,CURSANDO
RA-242,242,2024,7,Cursando,8.2887,6.26,9.621,CURSANDO
RA-52,52,2024,7,Cursando,8.144466666733333,6.885,9.437666667,CURSANDO
RA-1227,1227,2024,7,Cursando,4.8446,7.195,0.0,CURSANDO
RA-245,245,2024,7,Cursando,8.452633333266668,6.885,9.953333333,CURSANDO
RA-246,246,2024,7,Cursando,4.7404,6.57,0.0,CURSANDO
RA-1228,1228,2024,7,Cursando,4.8761,7.51,0.0,CURSANDO
RA-1229,1229,2024,7,Cursando,4.8238,6.57,0.0,CURSANDO
RA-98,98,2024,7,Cursando,8.617450000000002,7.1975,9.546,CURSANDO
RA-277,277,2024,7,Cursando,8.0689833334,6.5725,9.741666667,CURSANDO
RA-172,172,2024,7,Cursando,8.128766666666667,6.57,9.8,CURSANDO
RA-291,291,2024,7,Cursando,7.9319666667333335,6.26,9.737666667,CURSANDO
RA-86,86,2024,7,Cursando,7.611233333266666,6.57,9.704333333,CURSANDO
RA-143,143,2024,7,Cursando,7.449366666666667,6.885,9.92,CURSANDO
RA-166,166,2024,7,Cursando,8.243183333333334,6.5725,9.246,CURSANDO
RA-191,191,2024,7,Cursando,7.7887,5.945,9.571,CURSANDO
RA-1236,1236,2024,8,Cursando,,,0.0,CURSANDO
RA-1234,1234,2024,8,Cursando,,,0.0,CURSANDO
RA-1633,1633,2024,8,Cursando,,,0.0,CURSANDO
RA-1248,1248,2024,8,Cursando,,,0.0,CURSANDO
RA-1246,1246,2024,8,Cursando,,,0.0,CURSANDO
RA-1245,1245,2024,8,Cursando,,,0.0,CURSANDO
RA-1244,1244,2024,8,Cursando,,,0.0,CURSANDO
RA-1634,1634,2024,8,Cursando,,,0.0,CURSANDO
RA-1242,1242,2024,8,Cursando,,,0.0,CURSANDO
RA-1250,1250,2024,8,Cursando,,,0.0,CURSANDO
RA-1241,1241,2024,8,Cursando,,,0.0,CURSANDO
RA-1240,1240,2024,8,Cursando,,,0.0,CURSANDO
RA-1249,1249,2024,8,Cursando,,,0.0,CURSANDO
RA-1239,1239,2024,8,Cursando,,,0.0,CURSANDO
RA-1251,1251,2024,8,Cursando,,,0.0,CURSANDO
RA-1264,1264,2024,8,Cursando,,,0.0,CURSANDO
RA-1263,1263,2024,8,Cursando,,,0.0,CURSANDO
RA-1262,1262,2024,8,Cursando,,,0.0,CURSANDO
RA-1261,1261,2024,8,Cursando,,,0.0,CURSANDO
RA-1259,1259,2024,8,Cursando,,,0.0,CURSANDO
RA-1257,1257,2024,8,Cursando,,,0.0,CURSANDO
RA-1256,1256,2024,8,Cursando,,,0.0,CURSANDO
RA-1265,1265,2024,8,Cursando,,,0.0,CURSANDO
RA-1255,1255,2024,8,Cursando,,,0.0,CURSANDO
RA-13,13,2024,8,Cursando,,,0.0,CURSANDO
RA-1253,1253,2024,8,Cursando,,,0.0,CURSANDO
RA-1635,1635,2024,8,Cursando,,,0.0,CURSANDO
RA-1273,1273,2024,8,Cursando,,,0.0,CURSANDO
RA-14,14,2024,8,Cursando,,,0.0,CURSANDO
RA-1271,1271,2024,8,Cursando,,,0.0,CURSANDO
RA-1,1,2024,8,Cursando,,,0.0,CURSANDO
RA-1270,1270,2024,8,Cursando,,,0.0,CURSANDO
RA-1274,1274,2024,8,Cursando,,,0.0,CURSANDO
RA-23,23,2024,8,Cursando,,,0.0,CURSANDO
RA-2,2,2024,8,Cursando,,,0.0,CURSANDO
RA-25,25,2024,8,Cursando,,,0.0,CURSANDO
RA-1272,1272,2024,8,Cursando,,,0.0,CURSANDO
RA-6,6,2024,8,Cursando,,,0.0,CURSANDO
RA-29,29,2024,8,Cursando,,,0.0,CURSANDO
RA-17,17,2024,8,Cursando,,,0.0,CURSANDO
RA-7,7,2024,8,Cursando,,,0.0,CURSANDO
RA-31,31,2024,8,Cursando,,,0.0,CURSANDO
RA-1269,1269,2024,8,Cursando,,,0.0,CURSANDO
RA-12,12,2024,8,Cursando,,,0.0,CURSANDO
RA-35,35,2024,8,Cursando,,,0.0,CURSANDO
RA-1636,1636,2024,8,Cursando,,,0.0,CURSANDO
RA-88,88,2024,8,Cursando,,,0.0,CURSANDO
RA-36,36,2024,8,Cursando,,,0.0,CURSANDO
RA-21,21,2024,8,Cursando,,,0.0,CURSANDO
RA-49,49,2024,8,Cursando,,,0.0,CURSANDO
RA-1225,1225,2024,8,Cursando,,,0.0,CURSANDO
RA-1221,1221,2024,8,Cursando,,,0.0,CURSANDO
RA-26,26,2024,8,Cursando,,,0.0,CURSANDO
RA-27,27,2024,8,Cursando,,,0.0,CURSANDO
RA-155,155,2024,8,Cursando,,,0.0,CURSANDO
RA-96,96,2024,8,Cursando,,,0.0,CURSANDO
RA-59,59,2024,8,Cursando,,,0.0,CURSANDO
RA-1216,1216,2024,8,Cursando,,,0.0,CURSANDO
RA-19,19,2024,8,Cursando,,,0.0,CURSANDO
RA-62,62,2024,8,Cursando,,,0.0,CURSANDO
RA-173,173,2024,8,Cursando,,,0.0,CURSANDO
RA-38,38,2024,8,Cursando,,,0.0,CURSANDO
RA-1224,1224,2024,8,Cursando,,,0.0,CURSANDO
RA-39,39,2024,8,Cursando,,,0.0,CURSANDO
RA-1637,1637,2024,9,Cursando,,,0.0,CURSANDO
RA-1638,1638,2024,9,Cursando,,,0.0,CURSANDO
RA-1268,1268,2024,9,Cursando,,,0.0,CURSANDO
RA-1260,1260,2024,9,Cursando,,,0.0,CURSANDO
RA-1639,1639,2024,9,Cursando,,,0.0,CURSANDO
RA-1640,1640,2024,9,Cursando,,,0.0,CURSANDO
RA-1641,1641,2024,9,Cursando,,,0.0,CURSANDO
RA-1266,1266,2024,9,Cursando,,,0.0,CURSANDO
RA-1642,1642,2024,9,Cursando,,,0.0,CURSANDO
RA-1258,1258,2024,9,Cursando,,,0.0,CURSANDO
RA-1235,1235,2024,9,Cursando,,,0.0,CURSANDO
RA-1643,1643,2024,9,Cursando,,,0.0,CURSANDO
RA-1644,1644,2024,9,Cursando,,,0.0,CURSANDO
RA-1645,1645,2024,9,Cursando,,,0.0,CURSANDO
RA-1646,1646,2024,9,Cursando,,,0.0,CURSANDO
RA-1647,1647,2024,9,Cursando,,,0.0,CURSANDO
RA-1237,1237,2024,9,Cursando,,,0.0,CURSANDO
RA-1648,1648,2024,9,Cursando,,,0.0,CURSANDO
RA-1649,1649,2024,9,Cursando,,,0.0,CURSANDO
RA-1650,1650,2024,9,Cursando,,,0.0,CURSANDO
RA-1651,1651,2024,9,Cursando,,,0.0,CURSANDO
RA-1652,1652,2024,9,Cursando,,,0.0,CURSANDO
RA-1653,1653,2024,9,Cursando,,,0.0,CURSANDO
RA-1654,1654,2024,9,Cursando,,,0.0,CURSANDO
RA-1655,1655,2024,9,Cursando,,,0.0,CURSANDO
RA-1656,1656,2024,9,Cursando,,,0.0,CURSANDO
RA-1254,1254,2024,9,Cursando,,,0.0,CURSANDO
RA-1233,1233,2024,9,Cursando,,,0.0,CURSANDO
RA-1232,1232,2024,9,Cursando,,,0.0,CURSANDO
RA-1231,1231,2024,9,Cursando,,,0.0,CURSANDO
RA-1238,1238,2024,9,Cursando,,,0.0,CURSANDO
RA-1267,1267,2024,9,Cursando,,,0.0,CURSANDO
RA-1657,1657,2024,9,Cursando,,,0.0,CURSANDO
RA-1658,1658,2024,9,Cursando,,,0.0,CURSANDO
RA-1659,1659,2024,9,Cursando,,,0.0,CURSANDO
RA-1252,1252,2024,9,Cursando,,,0.0,CURSANDO
RA-1660,1660,2024,9,Cursando,,,0.0,CURSANDO
RA-1661,1661,2024,9,Cursando,,,0.0,CURSANDO
