ano_base,Fase_num,IAA,IDA,IEG
2022,7,8.3,4.0,4.1
2022,7,8.8,6.8,5.2
2022,7,0.0,5.6,7.9
2022,7,8.8,5.0,4.5
2022,7,7.9,5.2,8.6
2022,7,7.9,3.3,4.5
2022,7,0.0,7.6,8.4
2022,7,7.1,1.6,4.6
2022,7,8.8,6.7,9.5
2022,7,8.3,4.1,5.2
2022,7,9.2,3.0,4.2
2022,7,0.0,1.5,4.0
2022,7,7.9,4.7,7.4
2022,7,7.9,4.0,8.3
2022,7,8.8,7.3,10.0
2022,7,7.9,3.5,8.3
2022,7,8.8,7.8,10.0
2022,7,6.3,9.0,8.7
2022,7,7.9,8.0,9.5
2022,7,7.1,7.8,10.0
2022,7,9.6,3.8,9.2
2022,6,8.3,6.7,7.4
2022,6,8.3,6.7,8.2
2022,6,9.2,8.6,7.9
2022,6,8.3,6.9,8.3
2022,6,9.6,8.0,8.8
2022,6,0.0,8.0,7.6
2022,6,7.9,5.0,6.1
2022,6,0.0,3.7,4.0
2022,6,8.8,7.5,6.4
2022,6,10.0,8.0,9.5
2022,6,8.8,6.1,5.2
2022,6,0.0,4.8,4.6
2022,6,9.6,3.8,4.8
2022,6,10.0,8.5,9.6
2022,6,9.2,6.8,9.0
2022,6,0.0,5.9,5.4
2022,6,9.2,8.6,8.9
2022,6,0.0,6.9,4.8
2022,5,7.9,6.8,7.8
2022,5,9.2,5.6,6.1
2022,5,8.3,4.8,7.9
2022,5,6.3,4.3,6.5
2022,5,5.0,3.0,5.9
2022,5,7.9,6.8,8.9
2022,5,8.8,2.1,8.4
2022,5,7.9,2.1,6.3
2022,5,6.7,8.1,8.4
2022,5,7.5,3.9,7.4
2022,5,7.5,7.8,8.4
2022,5,8.8,5.0,7.6
2022,5,9.6,6.2,8.9
2022,5,9.2,7.0,7.0
2022,5,7.9,4.8,6.9
2022,5,7.1,7.5,7.6
2022,5,10.0,7.0,10.0
2022,5,7.1,8.4,8.1
2022,5,9.6,7.2,9.2
2022,5,9.2,7.2,9.3
2022,5,6.7,4.9,6.0
2022,5,9.2,5.8,7.4
2022,5,8.8,9.3,9.4
2022,5,8.3,8.7,9.1
2022,5,7.1,7.5,8.1
2022,5,8.3,9.3,7.7
2022,5,7.5,4.5,5.6
2022,5,5.8,3.6,3.0
2022,5,8.3,4.0,6.0
2022,5,8.3,2.5,6.1
2022,5,8.8,2.9,6.6
2022,5,7.9,1.2,2.0
2022,5,8.3,7.8,7.5
2022,5,7.1,3.3,3.0
2022,5,9.6,2.0,3.3
2022,5,5.4,0.0,3.8
2022,5,10.0,8.7,9.1
2022,5,7.1,0.7,2.7
2022,5,8.3,7.2,6.6
2022,5,5.4,8.9,6.3
2022,5,9.2,7.1,8.3
2022,5,9.2,6.0,9.2
2022,5,8.8,5.5,6.8
2022,5,7.9,6.8,6.8
2022,5,7.1,5.8,8.8
2022,5,6.7,4.3,7.3
2022,5,7.5,6.7,9.6
2022,5,8.3,8.8,9.6
2022,5,7.1,6.5,9.2
2022,5,9.6,5.9,7.8
2022,5,10.0,8.5,9.7
2022,5,9.2,6.6,5.7
2022,5,9.2,7.4,7.1
2022,5,8.3,8.5,9.7
2022,5,8.3,7.7,9.6
2022,5,8.3,4.8,6.6
2022,5,9.2,6.7,7.8
2022,5,7.5,6.9,8.8
2022,5,8.8,8.5,10.0
2022,5,8.8,5.0,6.3
2022,4,8.8,7.6,7.8
2022,4,7.9,7.6,8.3
2022,4,6.7,5.7,7.7
2022,4,7.9,7.3,8.7
2022,4,7.9,3.7,8.7
2022,4,7.9,6.7,8.2
2022,4,9.2,7.4,8.0
2022,4,7.5,4.6,6.4
2022,4,4.6,5.0,7.7
2022,4,8.8,8.4,10.0
2022,4,9.2,6.7,9.7
2022,4,7.5,8.0,9.4
2022,4,7.9,8.5,7.8
2022,4,0.0,3.7,0.0
2022,4,7.9,5.3,6.3
2022,4,8.3,3.8,6.8
2022,4,5.8,5.9,8.1
2022,4,7.9,6.1,6.3
2022,4,0.0,3.9,5.3
2022,4,8.3,5.4,8.2
2022,4,8.3,6.2,5.9
2022,4,7.1,7.2,8.4
2022,4,7.9,1.8,3.4
2022,4,7.9,6.5,8.6
2022,4,7.9,6.7,7.8
2022,4,8.8,7.1,8.5
2022,4,7.1,4.4,5.8
2022,4,7.5,7.9,8.7
2022,4,0.0,5.6,6.2
2022,4,6.7,6.7,6.4
2022,4,8.3,4.1,4.7
2022,4,8.8,5.6,9.0
2022,4,10.0,7.7,8.8
2022,4,7.9,5.6,7.1
2022,4,8.8,4.7,6.8
2022,4,8.3,8.6,7.8
2022,4,10.0,4.6,6.3
2022,4,7.5,7.3,8.9
2022,4,9.6,5.6,8.0
2022,4,7.1,1.4,3.5
2022,4,7.9,5.7,7.6
2022,4,9.2,5.7,8.2
2022,4,6.7,6.3,8.6
2022,4,8.3,7.9,9.9
2022,4,7.5,7.9,9.3
2022,4,0.0,5.2,6.3
2022,4,8.3,7.9,9.2
2022,4,8.3,6.1,7.7
2022,4,9.2,5.3,7.9
2022,4,9.2,5.0,6.5
2022,4,9.6,6.9,6.3
2022,4,8.8,8.3,7.5
2022,4,8.3,6.5,7.0
2022,4,7.9,6.6,8.2
2022,4,8.3,4.0,6.1
2022,4,10.0,5.2,8.3
2022,4,10.0,4.4,8.3
2022,4,7.5,7.7,10.0
2022,4,7.9,6.6,9.8
2022,4,8.3,4.7,8.1
2022,4,7.5,5.3,7.2
2022,4,7.9,6.9,9.1
2022,4,6.7,5.5,8.5
2022,4,8.8,6.7,7.9
2022,4,8.3,6.5,7.3
2022,4,7.1,7.6,9.8
2022,4,9.2,8.1,9.0
2022,4,9.2,7.9,9.7
2022,4,7.9,5.9,8.3
2022,4,7.5,3.2,5.1
2022,4,8.3,4.9,9.2
2022,4,7.5,5.5,6.8
2022,4,9.2,7.3,8.9
2022,4,8.3,7.9,9.2
2022,4,7.9,4.4,6.2
2022,4,8.3,5.9,9.2
2022,3,9.6,6.9,9.1
2022,3,7.9,6.8,8.8
2022,3,0.0,6.3,8.8
2022,3,7.5,6.1,9.2
2022,3,9.2,8.1,8.3
2022,3,9.2,6.8,9.5
2022,3,7.5,4.1,8.0
2022,3,8.3,3.8,8.8
2022,3,8.8,7.2,7.7
2022,3,7.9,4.5,7.7
2022,3,8.3,6.6,8.5
2022,3,8.8,5.8,8.9
2022,3,0.0,2.7,6.1
2022,3,10.0,7.2,9.7
2022,3,6.7,6.3,6.9
2022,3,10.0,7.2,9.4
2022,3,8.8,2.7,3.6
2022,3,9.2,6.7,8.9
2022,3,0.0,3.2,6.2
2022,3,8.8,6.3,9.2
2022,3,9.2,5.1,9.1
2022,3,8.8,7.3,9.7
2022,3,0.0,4.6,6.2
2022,3,8.3,7.5,7.1
2022,3,7.9,5.5,5.6
2022,3,7.9,6.5,7.3
2022,3,0.0,5.4,5.2
2022,3,8.8,2.8,4.3
2022,3,7.9,7.4,6.7
2022,3,9.6,4.1,3.8
2022,3,8.3,5.0,8.8
2022,3,0.0,5.8,4.8
2022,3,7.5,6.1,7.1
2022,3,0.0,6.0,4.8
2022,3,0.0,3.4,5.1
2022,3,9.2,7.6,8.8
2022,3,9.6,6.2,8.4
2022,3,9.6,3.5,8.7
2022,3,0.0,4.3,6.1
2022,3,6.7,7.8,5.8
2022,3,7.9,7.0,8.5
2022,3,7.9,7.1,8.5
2022,3,6.3,4.0,7.3
2022,3,8.8,3.5,6.9
2022,3,0.0,6.5,8.1
2022,3,9.6,5.2,8.5
2022,3,7.1,6.2,4.6
2022,3,0.0,3.1,4.6
2022,3,9.6,2.6,4.3
2022,3,8.3,5.0,5.3
2022,3,7.5,6.8,6.1
2022,3,9.2,3.3,6.4
2022,3,7.5,4.8,6.7
2022,3,10.0,6.9,9.4
2022,3,7.9,5.7,5.1
2022,3,8.8,3.8,7.4
2022,3,0.0,0.0,4.9
2022,3,7.9,3.8,7.4
2022,3,10.0,4.3,7.6
2022,3,8.3,6.3,7.3
2022,3,9.6,3.7,7.5
2022,3,10.0,7.8,9.0
2022,3,8.8,5.1,6.4
2022,3,0.0,3.7,3.7
2022,3,7.1,4.7,8.1
2022,3,10.0,7.7,10.0
2022,3,9.6,8.2,9.7
2022,3,7.1,6.0,8.7
2022,3,7.5,7.8,9.4
2022,3,10.0,8.4,9.9
2022,3,8.3,7.6,9.4
2022,3,8.3,5.8,8.2
2022,3,9.2,5.2,7.6
2022,3,6.7,2.9,7.4
2022,3,8.3,6.6,8.6
2022,3,10.0,6.3,8.1
2022,3,9.2,0.9,2.8
2022,3,9.2,1.8,3.6
2022,3,10.0,5.3,7.4
2022,3,7.5,1.3,3.8
2022,3,8.8,5.2,8.5
2022,3,0.0,3.6,6.4
2022,3,10.0,4.8,7.3
2022,3,8.8,0.9,2.9
2022,3,10.0,5.0,8.2
2022,3,8.8,5.8,7.2
2022,3,0.0,3.4,5.8
2022,3,5.8,3.7,5.6
2022,3,10.0,5.8,9.2
2022,3,8.3,6.9,7.7
2022,3,7.5,6.0,5.8
2022,3,10.0,3.3,7.4
2022,3,9.2,5.7,6.7
2022,3,9.2,8.9,8.6
2022,3,8.3,7.9,8.4
2022,3,9.2,7.1,8.5
2022,3,9.2,5.1,5.7
2022,3,9.2,3.0,5.3
2022,3,7.9,8.1,8.3
2022,3,9.6,4.6,6.9
2022,3,7.1,4.3,5.7
2022,3,7.1,7.4,8.8
2022,3,8.8,6.0,9.2
2022,3,9.2,9.1,9.9
2022,3,7.5,7.1,9.2
2022,3,6.7,5.9,6.9
2022,3,8.8,4.0,6.8
2022,3,9.6,5.6,8.8
2022,3,6.7,3.8,5.1
2022,3,9.2,2.8,4.1
2022,3,7.1,3.0,5.8
2022,3,7.9,1.1,3.4
2022,3,0.0,0.0,5.6
2022,3,0.0,6.8,7.8
2022,3,10.0,1.7,3.9
2022,3,8.3,8.0,8.2
2022,3,7.9,1.8,3.7
2022,3,8.8,2.3,2.9
2022,3,9.6,0.0,5.8
2022,3,7.9,6.9,8.0
2022,3,8.8,2.8,3.6
2022,3,7.1,6.6,7.9
2022,3,9.2,5.2,6.3
2022,3,7.1,6.8,8.2
2022,3,5.4,3.1,6.9
2022,3,8.8,6.3,5.8
2022,3,9.2,4.8,7.7
2022,3,7.5,3.9,7.2
2022,3,8.8,4.3,7.7
2022,3,7.9,4.8,6.6
2022,3,8.3,5.2,6.8
2022,3,5.4,2.5,4.5
2022,3,7.9,5.0,7.4
2022,3,9.2,6.5,5.2
2022,3,7.9,4.5,7.5
2022,3,7.9,5.2,5.6
2022,3,9.6,5.2,8.1
2022,3,7.5,4.1,7.0
2022,3,5.4,5.3,5.4
2022,3,6.7,3.0,5.1
2022,3,10.0,6.1,10.0
2022,3,8.8,6.8,5.6
2022,3,8.3,5.8,6.9
2022,3,9.2,5.2,7.7
2022,3,8.8,6.4,10.0
2022,3,9.2,5.2,9.1
2022,3,7.1,4.7,8.1
2022,3,9.2,3.4,7.3
2022,2,10.0,6.8,9.3
2022,2,9.5,6.0,6.8
2022,2,10.0,9.0,9.7
2022,2,8.5,2.8,8.8
2022,2,10.0,5.3,7.0
2022,2,7.4,5.0,6.9
2022,2,9.5,2.5,8.8
2022,2,9.0,3.7,8.7
2022,2,9.5,7.5,9.0
2022,2,8.0,2.9,5.8
2022,2,6.9,8.0,9.2
2022,2,9.5,7.4,9.4
2022,2,9.5,5.1,8.5
2022,2,10.0,5.8,9.3
2022,2,8.5,5.8,7.3
2022,2,6.9,8.1,9.9
2022,2,9.0,6.5,8.2
2022,2,8.0,5.8,7.7
2022,2,9.0,6.6,6.7
2022,2,9.5,5.9,7.4
2022,2,8.5,4.5,8.3
2022,2,9.5,3.6,5.4
2022,2,10.0,7.0,9.1
2022,2,9.0,8.5,10.0
2022,2,9.0,1.8,8.7
2022,2,9.5,3.7,7.7
2022,2,10.0,6.5,8.8
2022,2,9.0,4.0,7.2
2022,2,9.0,7.0,8.1
2022,2,7.0,7.5,10.0
2022,2,8.5,4.5,4.3
2022,2,5.8,4.5,5.0
2022,2,10.0,4.6,8.4
2022,2,8.0,8.5,9.6
2022,2,7.5,0.0,6.5
2022,2,9.0,4.6,7.0
2022,2,9.5,5.2,8.5
2022,2,7.9,5.0,9.2
2022,2,8.5,7.9,7.9
2022,2,10.0,2.0,10.0
2022,2,9.5,8.8,10.0
2022,2,8.0,7.8,10.0
2022,2,9.5,5.5,9.4
2022,2,8.5,6.7,7.4
2022,2,8.0,7.3,7.9
2022,2,9.0,4.8,6.9
2022,2,8.5,7.2,8.2
2022,2,9.5,8.4,8.0
2022,2,8.5,7.8,5.5
2022,2,6.4,7.3,9.5
2022,2,9.0,6.9,9.8
2022,2,9.0,5.4,9.5
2022,2,9.0,4.3,9.0
2022,2,9.0,6.2,7.7
2022,2,9.0,8.1,6.8
2022,2,8.5,5.0,8.1
2022,2,7.9,2.5,4.4
2022,2,9.0,3.3,8.3
2022,2,9.0,5.4,7.7
2022,2,9.0,8.1,9.6
2022,2,9.0,8.1,8.4
2022,2,7.4,4.9,7.5
2022,2,10.0,4.0,5.9
2022,2,7.0,3.7,8.2
2022,2,7.9,4.5,8.5
2022,2,8.0,3.5,8.9
2022,2,7.4,4.7,8.8
2022,2,10.0,5.1,8.1
2022,2,9.5,4.8,8.8
2022,2,10.0,4.6,5.4
2022,2,9.5,5.9,8.6
2022,2,9.0,4.9,8.9
2022,2,9.0,5.6,8.0
2022,2,9.0,2.8,5.7
2022,2,9.0,5.5,9.3
2022,2,6.8,4.3,9.3
2022,2,9.0,1.7,8.5
2022,2,6.9,4.3,9.6
2022,2,9.0,3.0,3.7
2022,2,9.5,6.3,9.3
2022,2,9.0,5.3,7.3
2022,2,9.5,3.3,6.2
2022,2,9.5,6.6,9.5
2022,2,8.5,6.0,9.3
2022,2,8.0,3.3,9.7
2022,2,7.9,7.8,9.7
2022,2,7.4,2.0,6.5
2022,2,6.4,7.1,8.6
2022,2,8.5,7.3,9.0
2022,2,6.4,4.7,8.7
2022,2,8.0,5.9,9.3
2022,2,8.0,6.2,8.3
2022,2,9.5,7.2,9.3
2022,2,10.0,8.0,10.0
2022,2,8.0,7.5,9.4
2022,2,7.5,6.9,9.2
2022,2,9.5,4.5,9.0
2022,2,8.5,8.8,9.3
2022,2,8.5,2.5,10.0
2022,2,8.4,2.3,9.6
2022,2,9.0,7.5,10.0
2022,2,9.0,9.0,10.0
2022,2,9.0,4.6,6.5
2022,2,8.0,2.5,8.5
2022,2,6.8,9.5,8.7
2022,2,10.0,2.7,5.3
2022,2,9.5,8.5,8.6
2022,2,9.0,4.5,8.1
2022,2,10.0,5.1,6.8
2022,2,8.5,2.6,7.3
2022,2,9.0,5.7,8.1
2022,2,7.9,4.7,6.2
2022,2,9.5,2.0,8.1
2022,2,8.5,5.8,8.3
2022,2,8.0,7.3,8.7
2022,2,9.0,2.3,4.9
2022,2,9.5,5.5,9.0
2022,2,9.0,8.0,7.9
2022,2,10.0,7.5,8.2
2022,2,9.0,5.6,9.1
2022,2,9.0,3.1,7.2
2022,2,9.0,3.8,9.4
2022,2,9.5,6.9,8.9
2022,2,0.0,3.5,7.0
2022,2,9.0,5.5,9.7
2022,2,0.0,7.0,6.0
2022,2,10.0,7.5,9.1
2022,2,9.0,6.1,6.0
2022,2,9.0,4.8,5.6
2022,2,9.0,8.8,8.7
2022,2,9.5,2.3,8.6
2022,2,7.0,6.3,7.9
2022,2,6.4,7.3,8.2
2022,2,8.0,8.5,8.8
2022,2,8.0,5.6,7.7
2022,2,7.0,7.3,9.1
2022,2,6.8,3.3,8.1
2022,2,0.0,3.8,6.7
2022,2,10.0,3.6,8.5
2022,2,10.0,2.5,7.8
2022,2,7.5,4.8,8.0
2022,2,8.0,7.8,7.9
2022,2,8.5,3.3,9.7
2022,2,5.8,5.5,8.4
2022,2,9.5,4.1,6.7
2022,2,9.0,5.7,9.6
2022,2,8.0,6.3,9.7
2022,2,3.5,6.3,8.5
2022,2,9.0,2.0,7.0
2022,2,8.0,4.3,6.1
2022,2,9.5,3.0,9.1
2022,2,8.5,5.8,9.2
2022,2,9.0,5.5,9.3
2022,2,0.0,0.7,5.0
2022,2,8.5,4.9,9.1
2022,1,8.0,9.8,9.2
2022,1,9.0,6.3,8.8
2022,1,9.0,5.2,8.0
2022,1,10.0,5.5,7.9
2022,1,9.0,2.4,4.8
2022,1,9.5,6.5,8.7
2022,1,9.5,1.2,4.0
2022,1,10.0,7.3,9.9
2022,1,7.5,9.6,9.7
2022,1,8.5,7.3,8.8
2022,1,9.0,0.0,7.2
2022,1,7.9,7.7,8.2
2022,1,7.5,7.0,9.7
2022,1,10.0,7.1,8.8
2022,1,10.0,7.2,9.4
2022,1,6.4,5.8,8.3
2022,1,9.0,8.4,8.9
2022,1,8.5,5.7,6.8
2022,1,6.9,5.1,9.2
2022,1,8.5,8.8,8.8
2022,1,8.5,8.2,10.0
2022,1,9.0,9.5,10.0
2022,1,8.5,6.8,8.8
2022,1,9.5,7.4,9.7
2022,1,8.5,8.8,10.0
2022,1,8.5,8.0,8.9
2022,1,9.5,8.4,8.0
2022,1,9.5,7.2,7.3
2022,1,8.5,7.4,10.0
2022,1,8.0,4.5,7.4
2022,1,9.0,9.2,8.2
2022,1,8.0,7.1,9.3
2022,1,8.0,5.3,10.0
2022,1,9.0,6.2,9.3
2022,1,9.0,8.3,9.6
2022,1,8.0,4.8,9.7
2022,1,8.0,5.8,6.3
2022,1,10.0,9.9,9.7
2022,1,6.9,7.7,9.5
2022,1,9.0,7.5,9.4
2022,1,7.4,7.5,9.6
2022,1,10.0,6.8,6.8
2022,1,9.0,6.0,10.0
2022,1,9.5,7.5,9.1
2022,1,10.0,6.5,9.5
2022,1,0.0,9.1,9.4
2022,1,9.0,8.6,9.3
2022,1,10.0,8.0,9.9
2022,1,8.5,6.5,10.0
2022,1,0.0,4.0,6.2
2022,1,8.5,5.2,8.9
2022,1,10.0,8.9,9.0
2022,1,9.5,7.8,9.8
2022,1,9.5,5.5,9.7
2022,1,8.5,6.0,8.8
2022,1,9.0,7.1,7.4
2022,1,9.0,5.1,9.2
2022,1,9.5,6.0,8.9
2022,1,9.5,4.8,9.0
2022,1,8.5,6.8,7.5
2022,1,8.5,7.5,9.3
2022,1,8.5,7.0,9.5
2022,1,10.0,2.5,7.8
2022,1,8.0,6.5,9.8
2022,1,8.5,6.5,9.8
2022,1,9.5,3.3,9.7
2022,1,9.5,5.5,6.6
2022,1,9.0,5.6,7.9
2022,1,9.5,7.6,9.7
2022,1,8.0,7.2,9.1
2022,1,10.0,4.2,7.9
2022,1,9.0,1.9,9.0
2022,1,8.5,6.6,7.3
2022,1,9.5,5.5,8.8
2022,1,9.5,3.3,6.9
2022,1,7.9,4.0,6.0
2022,1,9.5,4.4,8.1
2022,1,9.0,6.4,8.8
2022,1,10.0,9.4,8.4
2022,1,9.0,4.3,8.5
2022,1,9.5,7.1,9.2
2022,1,6.9,3.8,7.2
2022,1,9.0,7.4,9.0
2022,1,8.0,8.0,9.0
2022,1,10.0,8.5,9.2
2022,1,9.5,2.3,3.8
2022,1,9.0,2.9,4.1
2022,1,9.5,8.5,8.4
2022,1,9.5,4.8,6.0
2022,1,8.0,8.3,8.6
2022,1,9.5,6.8,8.7
2022,1,9.0,1.3,7.0
2022,1,8.5,3.7,8.8
2022,1,8.5,6.8,8.0
2022,1,9.5,8.2,9.9
2022,1,9.5,7.5,7.2
2022,1,8.0,2.8,6.1
2022,1,9.5,7.8,9.1
2022,1,9.5,9.0,9.3
2022,1,9.5,9.5,10.0
2022,1,8.5,3.8,5.8
2022,1,8.0,7.6,9.6
2022,1,7.5,5.0,8.9
2022,1,10.0,4.9,9.0
2022,1,8.5,7.1,9.4
2022,1,8.0,4.6,8.5
2022,1,8.5,5.0,9.1
2022,1,10.0,8.2,9.6
2022,1,9.5,3.8,9.3
2022,1,9.5,9.3,10.0
2022,1,9.5,5.8,9.4
2022,1,8.5,7.4,8.6
2022,1,9.5,7.1,9.3
2022,1,8.0,8.4,8.5
2022,1,7.5,4.6,7.4
2022,1,8.0,7.8,9.4
2022,1,8.5,1.0,5.5
2022,1,9.5,9.3,10.0
2022,1,9.0,8.0,10.0
2022,1,9.5,3.7,7.2
2022,1,9.5,9.1,9.2
2022,1,8.5,3.9,8.4
2022,1,9.0,5.7,9.7
2022,1,10.0,8.6,9.7
2022,1,9.0,7.5,9.5
2022,1,9.0,8.8,9.0
2022,1,6.9,7.1,9.3
2022,1,9.5,1.8,9.0
2022,1,6.8,4.0,8.1
2022,1,7.8,6.3,9.6
2022,1,8.5,6.0,7.6
2022,1,9.0,6.5,9.6
2022,1,9.5,9.5,7.6
2022,1,9.0,7.9,9.2
2022,1,9.0,9.2,9.2
2022,1,9.5,9.6,9.7
2022,1,9.5,7.3,9.7
2022,1,7.4,8.8,7.4
2022,1,8.5,6.3,8.9
2022,1,8.9,6.7,8.3
2022,1,9.5,9.0,8.0
2022,1,0.0,6.8,7.5
2022,1,9.5,7.5,7.7
2022,1,3.5,3.8,3.8
2022,1,7.5,8.3,9.0
2022,1,9.0,6.8,8.9
2022,1,8.0,7.8,9.2
2022,1,7.4,1.3,7.6
2022,1,7.0,6.5,6.7
2022,1,9.5,9.2,7.6
2022,1,9.0,7.0,10.0
2022,1,9.5,7.3,9.2
2022,1,8.5,7.0,6.8
2022,1,8.5,6.3,9.3
2022,1,7.3,7.7,8.9
2022,1,9.5,6.5,9.4
2022,1,10.0,1.5,4.9
2022,1,8.5,7.3,8.0
2022,1,8.5,5.8,9.0
2022,1,8.5,3.9,9.3
2022,1,8.5,5.5,7.4
2022,1,9.0,4.8,8.4
2022,1,9.0,6.5,9.3
2022,1,10.0,7.3,9.7
2022,1,9.0,6.2,8.0
2022,1,9.5,8.8,8.0
2022,1,8.5,2.0,8.1
2022,1,8.5,8.4,9.8
2022,1,9.5,3.3,8.6
2022,1,9.0,5.3,7.5
2022,1,8.5,7.4,8.9
2022,1,6.9,6.9,8.7
2022,1,8.5,7.8,9.3
2022,1,8.0,7.8,9.6
2022,1,9.5,9.3,9.6
2022,1,8.5,6.8,8.6
2022,1,7.5,8.3,9.2
2022,1,7.4,6.3,7.5
2022,1,9.5,9.0,9.8
2022,1,10.0,5.6,9.3
2022,1,8.0,9.3,7.8
2022,1,9.5,6.9,9.0
2022,1,9.0,7.8,8.3
2022,1,9.0,6.8,8.8
2022,1,6.9,5.8,8.7
2022,1,9.5,6.3,8.8
2022,1,9.0,6.8,7.4
2022,1,9.5,7.8,9.1
2022,1,8.5,4.5,5.6
2022,1,6.9,2.8,3.3
2022,1,9.0,6.0,9.7
2022,1,8.0,6.9,8.8
2022,0,8.5,8.8,8.2
2022,0,8.5,8.8,8.5
2022,0,8.5,9.2,9.2
2022,0,9.5,8.0,8.7
2022,0,10.0,7.4,6.6
2022,0,8.5,9.3,8.6
2022,0,10.0,7.3,9.4
2022,0,9.0,7.3,10.0
2022,0,9.0,6.3,8.2
2022,0,9.5,7.4,8.8
2022,0,8.5,6.5,8.5
2022,0,9.5,7.0,9.1
2022,0,7.9,4.0,5.0
2022,0,9.5,9.3,7.5
2022,0,9.0,8.0,6.2
2022,0,7.5,8.8,8.6
2022,0,8.5,8.3,9.0
2022,0,8.5,7.9,9.7
2022,0,7.4,5.8,7.9
2022,0,9.5,7.0,9.5
2022,0,10.0,9.4,9.2
2022,0,9.5,6.9,8.9
2022,0,9.5,5.7,9.8
2022,0,10.0,8.1,9.0
2022,0,9.0,2.5,3.1
2022,0,8.5,6.6,9.0
2022,0,7.0,8.4,9.3
2022,0,9.0,8.1,9.8
2022,0,5.2,7.1,9.2
2022,0,9.0,9.2,8.7
2022,0,9.0,8.7,9.3
2022,0,10.0,6.8,8.6
2022,0,7.5,5.1,7.4
2022,0,9.0,7.2,8.6
2022,0,9.5,7.1,6.2
2022,0,9.5,9.1,6.7
2022,0,10.0,8.5,8.1
2022,0,8.0,7.3,8.4
2022,0,9.5,2.3,3.5
2022,0,9.5,6.9,8.9
2022,0,9.0,3.5,7.9
2022,0,8.0,8.0,5.1
2022,0,10.0,7.8,8.7
2022,0,9.0,8.0,6.9
2022,0,8.5,4.9,8.7
2022,0,8.9,6.7,8.1
2022,0,9.0,5.4,7.3
2022,0,8.0,9.2,8.9
2022,0,9.0,4.2,4.6
2022,0,8.0,7.6,5.9
2022,0,9.5,7.6,8.1
2022,0,10.0,8.1,8.1
2022,0,10.0,5.5,6.6
2022,0,9.5,5.6,5.9
2022,0,8.0,5.0,5.9
2022,0,10.0,4.4,7.5
2022,0,9.0,8.4,7.7
2022,0,9.5,9.1,7.3
2022,0,10.0,8.1,8.7
2022,0,10.0,8.3,8.2
2022,0,9.0,7.3,8.5
2022,0,9.0,7.2,7.9
2022,0,9.5,5.1,8.5
2022,0,9.5,7.3,7.2
2022,0,9.0,7.3,9.0
2022,0,9.0,5.4,8.5
2022,0,9.5,9.0,9.2
2022,0,8.5,5.7,8.1
2022,0,6.4,5.9,7.3
2022,0,8.5,7.2,9.0
2022,0,9.5,6.3,8.4
2022,0,8.5,7.3,8.7
2022,0,10.0,4.8,7.9
2022,0,9.5,6.2,9.7
2022,0,9.0,8.1,8.5
2022,0,8.0,7.2,9.1
2022,0,10.0,8.8,7.6
2022,0,10.0,9.1,9.0
2022,0,9.5,8.8,7.7
2022,0,9.5,6.8,8.9
2022,0,8.5,3.8,5.8
2022,0,10.0,9.5,9.0
2022,0,9.5,9.1,8.6
2022,0,10.0,7.9,5.8
2022,0,9.5,9.5,9.2
2022,0,10.0,5.7,7.9
2022,0,9.5,9.7,9.3
2022,0,9.0,8.1,9.1
2022,0,9.0,7.5,8.6
2022,0,9.0,8.8,9.2
2022,0,10.0,8.2,9.4
2022,0,10.0,6.7,9.7
2022,0,9.5,6.5,9.7
2022,0,9.0,7.5,8.8
2022,0,8.5,4.3,9.3
2022,0,10.0,8.7,9.5
2022,0,9.5,7.0,9.0
2022,0,9.0,7.1,10.0
2022,0,10.0,7.9,7.5
2022,0,9.5,8.3,8.9
2022,0,10.0,7.0,8.3
2022,0,9.0,9.2,5.4
2022,0,10.0,8.1,6.8
2022,0,10.0,6.1,7.8
2022,0,7.9,5.7,5.7
2022,0,0.0,1.7,4.3
2022,0,8.0,5.3,7.7
2022,0,10.0,7.1,6.7
2022,0,9.5,2.6,5.0
2022,0,8.0,6.9,7.6
2022,0,10.0,8.3,8.9
2022,0,9.5,6.0,8.4
2022,0,9.5,6.0,5.8
2022,0,9.5,8.2,10.0
2022,0,9.0,8.4,8.6
2022,0,9.0,6.1,9.5
2022,0,8.5,3.4,9.5
2022,0,10.0,8.0,9.3
2022,0,9.0,4.2,9.4
2022,0,9.0,7.8,8.9
2022,0,9.5,6.5,8.7
2022,0,9.5,6.2,8.0
2022,0,9.5,6.0,7.6
2022,0,9.5,4.1,8.9
2022,0,9.0,7.3,9.7
2022,0,9.5,5.4,9.3
2022,0,9.0,7.3,8.5
2022,0,8.0,6.3,8.3
2022,0,8.0,7.8,9.6
2022,0,8.0,6.1,5.4
2022,0,7.0,6.8,6.6
2022,0,9.0,8.3,9.0
2022,0,10.0,6.3,7.2
2022,0,10.0,4.8,8.4
2022,0,9.5,8.8,9.0
2022,0,9.5,6.6,7.3
2022,0,9.5,9.0,8.7
2022,0,10.0,9.3,9.1
2022,0,10.0,6.3,6.6
2022,0,8.5,9.6,9.1
2022,0,8.9,7.3,5.7
2022,0,9.0,7.4,8.1
2022,0,9.5,6.0,6.5
2022,0,8.9,7.5,9.0
2022,0,10.0,6.5,7.9
2022,0,10.0,9.6,9.3
2022,0,10.0,7.1,8.7
2022,0,9.5,6.2,7.3
2022,0,10.0,7.3,7.9
2022,0,9.5,6.0,10.0
2022,0,9.0,4.6,7.0
2022,0,8.0,6.1,8.4
2022,0,10.0,2.8,6.0
2022,0,10.0,6.0,4.4
2022,0,7.5,7.6,8.2
2022,0,9.5,5.4,9.6
2022,0,9.5,7.6,7.0
2022,0,9.5,6.9,7.1
2022,0,9.0,7.8,8.6
2022,0,10.0,6.0,8.6
2022,0,9.5,7.2,9.2
2022,0,10.0,8.8,9.2
2022,0,10.0,7.8,9.5
2022,0,9.0,9.0,9.0
2022,0,6.9,7.5,7.3
2022,0,8.5,9.2,8.3
2022,0,8.5,8.8,9.0
2022,0,10.0,6.3,7.4
2022,0,0.0,5.4,5.1
2022,0,9.0,7.8,8.2
2022,0,8.5,7.2,8.5
2022,0,7.5,9.1,8.3
2022,0,8.5,9.2,9.0
2022,0,0.0,5.9,5.0
2022,0,10.0,8.7,8.8
2022,0,9.0,5.9,7.2
2022,0,7.9,7.7,8.2
2022,0,9.5,9.0,7.0
2022,0,8.5,9.1,8.3
2022,0,10.0,8.5,7.3
2022,0,9.0,8.3,7.9
2022,0,9.0,2.1,6.8
2022,0,10.0,8.5,9.6
2022,0,8.0,9.3,9.0
2022,0,10.0,9.7,9.6
2022,0,10.0,8.4,9.1
2022,0,8.5,9.5,8.9
2022,0,10.0,7.7,7.1
2022,0,8.5,8.9,8.7
2022,0,9.5,8.1,8.5
2023,,9.5,9.6,10.0
2023,,8.5,8.9,9.1
2023,,0.0,6.3,7.6
2023,,0.0,6.3,7.6
2023,,8.5,7.4,8.7
2023,,0.0,8.6,8.3
2023,,9.0,8.9,8.6
2023,,10.0,7.1,9.5
2023,,9.0,9.6,10.0
2023,,0.0,1.5,8.5
2023,,9.0,6.9,9.5
2023,,0.0,4.3,6.7
2023,,8.5,7.0,9.7
2023,,0.0,4.8,8.2
2023,,9.5,7.3,9.5
2023,,10.0,7.5,9.4
2023,,9.5,6.9,9.5
2023,,0.0,8.1,9.5
2023,,0.0,8.2,9.8
2023,,0.0,6.3,9.4
2023,,10.0,7.3,8.9
2023,,9.0,4.7,8.6
2023,,9.5,8.4,9.7
2023,,9.0,8.8,9.7
2023,,9.0,8.7,9.8
2023,,8.5,8.1,9.4
2023,,8.9,8.4,8.9
2023,,9.0,8.8,10.0
2023,,8.5,9.1,9.5
2023,,0.0,8.3,9.1
2023,,9.5,7.5,9.5
2023,,9.0,6.5,8.1
2023,,8.0,8.3,9.6
2023,,8.5,8.5,9.0
2023,,9.5,9.3,10.0
2023,,9.5,9.4,9.9
2023,,9.0,9.1,9.8
2023,,9.5,6.8,9.5
2023,,9.5,8.5,10.0
2023,,10.0,8.5,9.4
2023,,10.0,8.3,8.0
2023,,0.0,7.3,7.9
2023,,0.0,6.5,8.1
2023,,9.0,7.9,8.5
2023,,9.0,9.4,9.8
2023,,10.0,9.5,9.8
2023,,9.0,7.8,9.8
2023,,9.5,6.0,8.2
2023,,8.5,7.5,8.7
2023,,0.0,7.1,9.1
2023,,0.0,8.3,7.8
2023,,10.0,3.9,9.3
2023,,10.0,7.8,9.6
2023,,8.4,6.6,7.5
2023,,7.9,7.6,9.1
2023,,9.0,6.4,9.3
2023,,0.0,9.3,8.1
2023,,9.5,8.3,9.4
2023,,10.0,9.3,10.0
2023,,9.5,8.4,9.0
2023,,7.5,8.6,9.2
2023,,9.5,9.3,9.6
2023,,9.0,7.9,9.0
2023,,10.0,9.2,9.9
2023,,0.0,9.2,9.8
2023,,0.0,8.9,8.8
2023,,7.9,7.8,8.3
2023,,9.5,6.7,9.6
2023,,9.0,3.4,6.7
2023,,7.0,7.4,9.8
2023,,9.5,8.0,8.8
2023,,9.0,7.6,8.3
2023,,0.0,9.1,8.7
2023,,7.0,6.3,9.4
2023,,9.0,7.3,7.8
2023,,9.5,8.2,9.0
2023,,0.0,6.9,7.2
2023,,10.0,4.9,7.9
2023,,8.0,7.9,8.5
2023,,10.0,6.0,6.1
2023,,10.0,8.7,9.2
2023,,10.0,8.4,8.4
2023,,9.5,6.6,9.7
2023,,0.0,7.0,7.2
2023,,10.0,7.7,8.7
2023,,0.0,5.3,8.4
2023,,9.0,6.1,6.3
2023,,9.0,6.3,9.7
2023,,8.5,8.4,9.7
2023,,0.0,5.4,9.5
2023,,8.5,7.1,8.4
2023,,9.5,7.3,9.9
2023,,0.0,7.5,7.6
2023,,9.0,5.0,5.6
2023,,9.0,5.4,8.9
2023,,10.0,7.4,9.5
2023,,0.0,6.0,9.5
2023,,9.5,7.8,9.7
2023,,9.5,7.2,9.9
2023,,0.0,7.3,9.6
2023,,7.9,6.4,9.5
2023,,8.0,7.3,9.2
2023,,10.0,6.1,9.9
2023,,9.5,5.1,6.9
2023,,9.5,5.9,5.3
2023,,9.0,6.8,10.0
2023,,9.0,6.4,9.7
2023,,8.5,9.8,10.0
2023,,8.5,8.8,9.8
2023,,9.0,9.0,8.8
2023,,8.5,7.8,8.2
2023,,9.5,7.5,7.9
2023,,9.0,7.7,8.4
2023,,9.0,8.7,9.6
2023,,0.0,9.4,9.8
2023,,9.0,6.5,10.0
2023,,9.5,9.2,9.6
2023,,10.0,6.1,8.7
2023,,8.5,4.2,8.4
2023,,9.0,5.4,10.0
2023,,0.0,7.9,9.5
2023,,9.0,7.2,7.7
2023,,9.0,6.3,8.4
2023,,8.0,5.0,10.0
2023,,9.5,7.1,8.9
2023,,9.5,8.0,9.4
2023,,8.5,7.5,9.8
2023,,10.0,7.9,9.1
2023,,9.0,6.2,9.2
2023,,9.0,8.2,9.6
2023,,9.0,7.5,7.6
2023,,8.5,7.9,9.2
2023,,9.5,9.3,9.4
2023,,9.5,5.6,6.1
2023,,9.0,3.3,7.9
2023,,9.0,0.0,7.6
2023,,9.5,8.9,8.1
2023,,9.0,9.3,10.0
2023,,10.0,7.9,7.5
2023,,9.5,8.4,9.7
2023,,10.0,8.0,9.3
2023,,9.5,9.0,9.2
2023,,10.0,7.3,10.0
2023,,7.4,8.3,8.8
2023,,0.0,7.7,8.3
2023,,9.5,8.3,8.8
2023,,9.0,7.8,8.8
2023,,8.0,8.3,9.4
2023,,9.5,8.9,6.8
2023,,0.0,6.9,9.5
2023,,9.5,9.1,9.7
2023,,10.0,7.3,9.0
2023,,8.0,7.8,7.5
2023,,9.0,5.9,9.8
2023,,10.0,9.1,9.3
2023,,9.0,9.0,9.9
2023,,10.0,9.3,9.8
2023,,10.0,9.2,9.5
2023,,0.0,7.9,9.2
2023,,9.0,9.3,9.6
2023,,10.0,7.7,9.6
2023,,8.5,6.3,10.0
2023,,0.0,6.2,8.7
2023,,9.0,8.7,9.2
2023,,0.0,6.8,9.1
2023,,8.5,7.8,8.3
2023,,9.5,8.0,9.1
2023,,9.5,8.5,9.8
2023,,8.5,7.2,9.4
2023,,8.5,4.7,8.2
2023,,10.0,5.0,10.0
2023,,9.5,6.5,8.0
2023,,9.0,8.3,9.7
2023,,9.5,5.8,9.1
2023,,8.5,5.5,9.7
2023,,8.5,9.4,8.1
2023,,7.8,6.9,6.4
2023,,9.0,6.0,9.1
2023,,0.0,5.2,8.6
2023,,9.0,8.8,9.1
2023,,7.9,6.5,9.2
2023,,9.5,8.6,9.2
2023,,8.5,5.8,7.4
2023,,9.0,8.6,9.8
2023,,9.5,6.0,9.6
2023,,0.0,6.3,9.8
2023,,10.0,8.7,10.0
2023,,9.5,5.8,9.1
2023,,0.0,8.6,9.1
2023,,8.5,8.8,9.9
2023,,8.0,8.3,9.8
2023,,9.0,6.8,9.3
2023,,9.5,8.3,9.1
2023,,0.0,7.3,9.8
2023,,7.9,8.5,8.1
2023,,9.5,8.3,8.1
2023,,10.0,8.7,8.2
2023,,0.0,7.8,8.5
2023,,10.0,7.7,9.1
2023,,9.5,8.0,8.2
2023,,9.5,4.6,8.4
2023,,9.5,8.6,9.8
2023,,7.9,5.2,8.5
2023,,9.5,6.0,9.4
2023,,9.5,5.1,7.9
2023,,10.0,8.6,9.2
2023,,7.5,7.1,8.7
2023,,9.5,7.9,9.3
2023,,9.0,8.3,9.4
2023,,9.5,3.4,7.7
2023,,0.0,5.9,8.3
2023,,0.0,8.2,8.8
2023,,8.5,7.0,9.4
2023,,0.0,8.3,8.9
2023,,9.0,7.8,9.1
2023,,9.0,7.0,9.7
2023,,9.0,4.0,8.5
2023,,8.0,8.7,8.5
2023,,9.0,7.9,9.6
2023,,9.5,8.8,7.9
2023,,9.0,8.7,9.3
2023,,0.0,8.8,8.3
2023,,9.0,8.3,7.4
2023,,9.0,8.4,8.6
2023,,8.0,8.6,9.1
2023,,0.0,8.8,9.0
2023,,9.5,9.4,10.0
2023,,9.5,5.2,8.6
2023,,10.0,6.6,9.9
2023,,9.0,8.3,9.6
2023,,9.0,8.2,9.7
2023,1,10.0,6.3,9.3
2023,1,8.5,6.9,8.0
2023,1,8.0,6.9,9.0
2023,1,10.0,6.7,9.5
2023,1,0.0,7.7,8.0
2023,1,8.5,8.6,9.3
2023,1,0.0,6.3,8.5
2023,1,0.0,6.7,9.4
2023,1,7.5,4.3,9.1
2023,1,7.9,5.5,7.5
2023,1,10.0,6.1,9.1
2023,1,8.0,3.3,9.2
2023,1,8.5,4.7,8.5
2023,1,10.0,9.1,10.0
2023,1,8.5,6.0,8.3
2023,1,10.0,7.9,9.7
2023,1,8.0,7.3,8.8
2023,1,0.0,9.8,10.0
2023,1,8.5,8.0,9.8
2023,1,8.5,7.5,8.9
2023,1,0.0,6.4,9.1
2023,1,8.5,3.2,9.8
2023,1,8.5,5.7,9.9
2023,1,9.0,5.8,9.3
2023,1,8.0,7.9,8.3
2023,1,9.5,6.0,9.7
2023,1,8.0,6.8,9.6
2023,1,0.0,5.0,9.2
2023,1,8.5,8.0,9.0
2023,1,10.0,5.4,6.3
2023,1,8.5,6.9,9.7
2023,1,7.5,8.3,9.2
2023,1,7.0,8.9,8.4
2023,1,7.4,4.6,7.7
2023,1,9.0,6.5,9.1
2023,1,8.0,5.9,8.8
2023,1,8.5,6.0,9.5
2023,1,9.0,7.9,8.9
2023,1,7.5,8.3,9.0
2023,1,0.0,5.8,8.3
2023,1,10.0,7.8,8.7
2023,1,9.5,6.8,10.0
2023,1,7.9,8.9,7.4
2023,1,8.0,6.0,9.3
2023,1,0.0,8.0,9.6
2023,1,9.0,6.7,8.4
2023,1,9.0,8.0,9.3
2023,1,8.0,6.5,9.3
2023,1,8.0,6.2,9.9
2023,1,10.0,6.6,9.3
2023,1,10.0,3.3,7.2
2023,1,10.0,6.2,8.7
2023,1,9.0,7.0,9.3
2023,1,9.0,7.4,9.9
2023,1,0.0,7.9,9.9
2023,1,0.0,4.3,6.5
2023,1,8.0,7.5,9.6
2023,1,8.5,6.7,9.5
2023,1,10.0,2.5,7.9
2023,1,9.0,5.6,8.7
2023,1,8.0,6.1,9.7
2023,1,9.5,7.0,9.3
2023,1,0.0,5.9,8.5
2023,1,9.5,7.8,9.1
2023,1,8.5,8.4,9.5
2023,1,0.0,7.2,8.0
2023,1,9.5,7.9,9.4
2023,1,9.0,5.6,6.0
2023,1,0.0,6.3,8.5
2023,1,10.0,6.9,8.5
2023,1,8.5,5.9,7.3
2023,1,8.5,8.2,9.5
2023,1,10.0,6.3,7.7
2023,1,9.0,7.2,9.2
2023,1,8.5,8.4,8.9
2023,1,0.0,6.5,9.8
2023,1,0.0,5.3,9.0
2023,1,8.5,9.0,9.8
2023,1,8.0,7.9,9.8
2023,1,0.0,8.1,9.0
2023,1,9.5,6.5,9.0
2023,1,9.5,6.7,5.6
2023,1,9.5,6.4,8.1
2023,1,7.5,3.6,7.5
2023,1,9.0,5.0,7.9
2023,1,0.0,7.4,8.0
2023,1,9.5,7.5,7.8
2023,1,10.0,7.4,8.2
2023,1,0.0,8.6,9.1
2023,1,8.5,6.8,7.6
2023,1,0.0,6.4,5.6
2023,1,8.5,6.6,8.6
2023,1,0.0,5.5,7.2
2023,1,10.0,8.5,9.6
2023,1,9.0,8.6,9.2
2023,1,0.0,3.5,7.0
2023,1,8.5,7.2,8.4
2023,1,8.5,8.1,9.6
2023,1,0.0,5.3,8.1
2023,1,9.0,8.7,10.0
2023,1,10.0,5.8,9.1
2023,1,8.5,8.2,7.9
2023,1,9.5,9.4,8.9
2023,1,8.5,6.0,8.5
2023,1,10.0,8.7,8.7
2023,1,8.0,6.8,7.5
2023,1,10.0,6.2,7.5
2023,1,7.9,6.9,9.8
2023,1,10.0,7.3,9.5
2023,1,9.0,8.8,8.5
2023,1,8.5,2.7,7.0
2023,1,0.0,7.4,8.1
2023,1,6.9,7.0,7.4
2023,1,9.0,8.0,9.6
2023,1,9.0,8.4,9.7
2023,1,10.0,6.3,10.0
2023,1,10.0,7.5,9.4
2023,1,10.0,8.5,9.5
2023,1,8.5,5.8,7.1
2023,1,0.0,6.9,9.0
2023,1,10.0,6.3,8.3
2023,1,10.0,5.4,8.7
2023,1,10.0,3.1,8.0
2023,1,7.9,8.1,8.1
2023,1,10.0,7.6,9.8
2023,1,9.0,9.7,9.7
2023,1,9.0,5.7,8.6
2023,1,9.5,5.2,4.9
2023,1,9.0,8.4,9.4
2023,1,9.5,9.3,9.7
2023,1,7.4,6.2,7.7
2023,1,10.0,7.6,9.7
2023,1,10.0,7.4,9.5
2023,1,9.0,5.7,8.6
2023,1,9.5,6.4,9.9
2023,1,0.0,6.3,9.3
2023,1,9.5,5.9,9.5
2023,1,0.0,7.8,9.2
2023,1,8.5,8.6,9.8
2023,1,8.5,7.0,9.6
2023,1,0.0,4.8,7.2
2023,1,7.5,7.9,9.8
2023,1,8.5,6.2,6.6
2023,1,0.0,5.4,7.9
2023,1,9.0,9.2,9.9
2023,1,8.5,6.4,9.6
2023,1,8.5,9.0,9.3
2023,1,9.0,5.5,9.8
2023,1,9.0,7.1,7.8
2023,1,8.5,7.5,8.6
2023,1,7.3,5.2,8.7
2023,1,9.5,8.2,9.6
2023,1,9.0,7.0,9.4
2023,1,7.5,8.9,9.8
2023,1,0.0,4.9,7.3
2023,1,8.0,6.9,8.5
2023,1,9.5,7.1,8.2
2023,1,0.0,9.5,8.3
2023,1,9.0,5.8,7.8
2023,1,9.5,3.9,8.4
2023,1,0.0,9.0,8.3
2023,1,9.0,6.1,8.1
2023,1,9.5,8.3,9.6
2023,1,0.0,6.5,8.6
2023,1,8.0,8.5,9.5
2023,1,9.0,6.5,9.4
2023,1,0.0,7.6,7.5
2023,1,8.0,9.4,9.3
2023,1,9.0,3.5,8.6
2023,1,9.5,5.4,8.8
2023,1,10.0,6.2,8.4
2023,1,10.0,6.9,8.6
2023,1,9.0,7.3,8.5
2023,2,9.0,9.7,10.0
2023,2,9.5,6.0,9.6
2023,2,9.0,6.7,8.6
2023,2,8.0,5.9,9.3
2023,2,0.0,6.2,8.8
2023,2,6.9,6.8,9.0
2023,2,0.0,8.3,7.1
2023,2,5.3,3.5,8.7
2023,2,0.0,6.0,9.8
2023,2,8.4,6.2,6.4
2023,2,0.0,5.5,9.6
2023,2,9.0,9.7,10.0
2023,2,9.5,7.5,9.7
2023,2,8.5,9.5,9.9
2023,2,9.0,8.5,9.7
2023,2,7.9,5.8,7.9
2023,2,9.5,5.0,9.6
2023,2,0.0,7.3,9.7
2023,2,6.4,3.6,7.5
2023,2,6.4,7.5,8.6
2023,2,9.0,7.4,8.4
2023,2,5.3,6.4,6.8
2023,2,0.0,8.9,9.6
2023,2,9.0,7.6,8.1
2023,2,7.9,1.5,10.0
2023,2,10.0,6.5,10.0
2023,2,9.5,5.0,9.5
2023,2,6.8,7.5,10.0
2023,2,9.5,7.7,10.0
2023,2,8.4,6.8,10.0
2023,2,10.0,9.3,9.8
2023,2,10.0,4.4,8.7
2023,2,0.0,6.7,9.8
2023,2,8.5,5.7,9.4
2023,2,10.0,5.4,9.5
2023,2,8.5,8.6,8.1
2023,2,7.9,6.6,10.0
2023,2,9.5,7.9,10.0
2023,2,9.5,6.8,9.8
2023,2,9.0,7.0,9.5
2023,2,9.0,9.0,9.6
2023,2,9.5,8.7,10.0
2023,2,8.5,9.5,9.0
2023,2,7.8,6.9,9.8
2023,2,7.0,9.2,9.3
2023,2,7.8,8.5,9.5
2023,2,0.0,5.3,9.8
2023,2,5.8,8.4,9.0
2023,2,10.0,9.0,9.7
2023,2,4.1,6.6,9.0
2023,2,0.0,5.6,7.1
2023,2,8.5,6.7,8.5
2023,2,10.0,5.7,8.8
2023,2,6.4,8.9,9.2
2023,2,9.5,9.6,9.9
2023,2,9.5,8.8,9.8
2023,2,9.0,8.2,8.5
2023,2,0.0,5.4,8.1
2023,2,9.5,5.4,8.6
2023,2,9.5,6.4,9.5
2023,2,9.5,8.5,8.1
2023,2,9.0,5.2,9.6
2023,2,10.0,7.1,9.2
2023,2,0.0,5.3,7.2
2023,2,9.5,7.5,9.5
2023,2,0.0,6.8,9.9
2023,2,9.0,5.0,8.7
2023,2,9.5,8.5,8.6
2023,2,8.5,7.1,8.8
2023,2,6.9,8.1,8.2
2023,2,10.0,4.0,4.1
2023,2,0.0,7.9,9.9
2023,2,8.5,5.9,9.6
2023,2,9.0,5.6,9.4
2023,2,0.0,6.2,9.1
2023,2,9.0,7.4,9.1
2023,2,7.4,4.7,8.6
2023,2,10.0,8.7,9.9
2023,2,10.0,7.4,9.4
2023,2,5.7,6.4,10.0
2023,2,6.4,6.2,9.7
2023,2,9.5,6.6,9.8
2023,2,10.0,5.4,8.6
2023,2,9.0,8.4,8.8
2023,2,7.4,3.9,8.1
2023,2,0.0,8.4,9.7
2023,2,0.0,6.0,9.0
2023,2,0.0,5.7,7.2
2023,2,10.0,8.9,8.2
2023,2,8.5,5.1,9.3
2023,2,7.8,6.0,9.4
2023,2,0.0,4.0,8.4
2023,2,9.0,7.5,9.4
2023,2,0.0,4.7,9.3
2023,2,9.5,6.3,9.7
2023,2,7.8,6.5,9.8
2023,2,8.5,7.2,9.6
2023,2,10.0,3.4,6.4
2023,2,0.0,8.2,8.2
2023,2,4.6,6.8,9.2
2023,2,7.0,7.6,7.9
2023,2,0.0,8.7,8.5
2023,2,0.0,5.4,8.9
2023,2,9.5,6.3,7.9
2023,2,8.0,9.2,8.6
2023,2,8.5,8.7,9.6
2023,2,9.0,6.3,9.4
2023,2,9.5,5.8,9.0
2023,2,8.0,8.4,10.0
2023,2,0.0,5.0,6.0
2023,2,7.9,6.3,8.9
2023,2,10.0,8.5,9.5
2023,2,8.5,4.9,9.8
2023,2,4.0,7.3,8.1
2023,2,0.0,4.0,8.3
2023,2,9.5,4.9,9.2
2023,2,9.0,7.5,9.3
2023,2,9.0,6.8,9.5
2023,2,6.3,3.4,6.3
2023,2,9.0,7.3,9.6
2023,2,5.3,6.0,8.8
2023,2,10.0,7.0,10.0
2023,2,8.4,8.0,9.5
2023,2,9.5,4.5,7.6
2023,2,0.0,6.3,8.8
2023,2,7.9,6.0,8.3
2023,2,6.3,6.5,9.7
2023,2,7.5,7.8,9.3
2023,2,7.3,5.9,9.7
2023,2,9.5,8.3,9.6
2023,2,5.1,5.5,7.1
2023,2,0.0,8.0,9.9
2023,2,0.0,6.9,9.3
2023,2,6.9,5.4,7.5
2023,2,7.9,6.8,8.5
2023,2,7.3,5.3,8.9
2023,2,9.5,3.0,8.0
2023,2,10.0,7.3,9.5
2023,2,0.0,6.5,7.7
2023,2,9.0,6.5,9.2
2023,2,8.5,4.8,7.2
2023,2,9.0,8.6,9.1
2023,2,6.3,6.6,8.0
2023,2,0.0,7.0,8.9
2023,2,7.5,3.4,4.7
2023,2,0.0,6.8,6.6
2023,2,8.0,4.7,8.4
2023,2,4.7,4.0,7.9
2023,2,9.0,9.0,7.1
2023,2,6.8,6.2,8.4
2023,2,8.5,6.9,9.9
2023,2,9.5,3.5,7.3
2023,2,0.0,7.8,9.2
2023,2,8.5,7.3,8.4
2023,2,7.9,9.1,9.9
2023,2,10.0,5.8,6.3
2023,2,9.5,6.5,10.0
2023,2,8.0,6.8,9.7
2023,2,0.0,6.2,9.2
2023,2,0.0,7.0,6.4
2023,2,10.0,8.4,8.9
2023,2,8.5,8.9,9.5
2023,2,0.0,7.2,9.4
2023,2,9.0,6.5,9.3
2023,2,0.0,9.3,8.2
2023,2,6.8,6.6,8.1
2023,2,0.0,7.9,9.8
2023,2,0.0,9.9,8.3
2023,2,7.4,8.3,9.9
2023,2,0.0,7.3,8.9
2023,2,8.5,8.2,10.0
2023,2,10.0,5.9,5.6
2023,2,7.3,7.4,7.9
2023,2,4.7,7.4,9.1
2023,2,1.7,7.2,8.1
2023,2,9.5,6.5,9.8
2023,2,9.0,9.3,9.2
2023,2,8.5,5.3,9.1
2023,2,4.7,7.3,8.7
2023,2,8.0,8.4,8.8
2023,2,9.0,5.9,8.8
2023,2,7.4,6.3,8.1
2023,2,9.0,10.0,10.0
2023,2,9.5,6.5,9.2
2023,2,9.5,6.1,9.5
2023,2,8.0,7.8,9.6
2023,2,6.8,6.7,7.6
2023,2,8.5,7.8,8.8
2023,2,9.0,6.9,8.5
2023,2,6.2,7.6,9.2
2023,2,10.0,8.1,9.6
2023,2,9.5,7.1,9.1
2023,2,9.0,5.2,6.9
2023,2,0.0,4.4,7.8
2023,2,0.0,3.3,7.0
2023,2,8.0,3.4,8.7
2023,2,8.5,5.0,7.8
2023,2,9.5,7.0,8.7
2023,2,9.5,5.3,6.4
2023,3,9.6,8.2,9.4
2023,3,8.8,6.4,9.4
2023,3,8.8,5.3,7.0
2023,3,9.6,3.3,7.2
2023,3,9.2,6.8,8.4
2023,3,9.2,8.5,7.6
2023,3,0.0,8.0,9.4
2023,3,9.2,7.2,8.1
2023,3,0.0,7.8,9.5
2023,3,9.6,3.7,8.8
2023,3,9.6,5.2,8.6
2023,3,9.6,6.9,7.5
2023,3,0.0,7.2,8.5
2023,3,9.2,5.7,7.2
2023,3,8.3,6.7,8.3
2023,3,8.8,4.6,6.8
2023,3,0.0,5.1,7.5
2023,3,0.0,6.2,9.4
2023,3,7.9,5.7,8.6
2023,3,8.3,7.2,9.8
2023,3,9.2,6.7,9.8
2023,3,7.5,8.3,9.5
2023,3,9.2,3.4,8.5
2023,3,0.0,6.8,9.4
2023,3,9.6,5.0,9.0
2023,3,9.6,5.8,9.2
2023,3,0.0,4.3,7.3
2023,3,8.3,6.7,9.1
2023,3,0.0,7.1,8.9
2023,3,8.8,8.4,9.9
2023,3,7.9,7.2,10.0
2023,3,7.9,7.7,9.7
2023,3,7.5,6.6,8.6
2023,3,7.5,6.9,9.9
2023,3,7.9,5.7,9.5
2023,3,6.7,7.3,9.5
2023,3,6.7,5.6,8.0
2023,3,9.6,5.1,9.3
2023,3,0.0,4.9,8.2
2023,3,0.0,4.5,6.4
2023,3,0.0,8.3,9.3
2023,3,8.8,5.9,8.7
2023,3,9.2,8.0,9.2
2023,3,8.3,5.3,9.2
2023,3,0.0,6.7,7.7
2023,3,0.0,3.0,6.8
2023,3,0.0,4.2,7.4
2023,3,8.8,5.4,8.3
2023,3,9.6,4.8,7.6
2023,3,0.0,3.8,4.5
2023,3,10.0,4.5,7.5
2023,3,0.0,5.1,7.5
2023,3,0.0,3.9,8.4
2023,3,8.8,5.8,9.0
2023,3,0.0,5.2,9.4
2023,3,9.2,6.5,8.8
2023,3,0.0,7.3,9.1
2023,3,9.2,5.7,8.8
2023,3,9.2,3.3,7.0
2023,3,9.2,6.1,9.9
2023,3,7.9,4.8,8.8
2023,3,7.5,4.3,8.6
2023,3,7.9,3.5,7.5
2023,3,5.8,3.1,6.6
2023,3,9.6,4.6,9.5
2023,3,9.6,2.7,8.7
2023,3,6.3,6.3,8.1
2023,3,9.2,6.0,8.6
2023,3,9.6,5.4,8.4
2023,3,9.2,4.0,5.4
2023,3,9.6,5.5,8.6
2023,3,9.2,3.0,7.7
2023,3,7.5,8.5,9.4
2023,3,0.0,5.8,7.6
2023,3,5.0,4.5,7.5
2023,3,6.3,5.2,9.2
2023,3,8.3,3.4,6.0
2023,3,8.3,6.0,8.5
2023,3,8.8,4.9,9.2
2023,3,0.0,3.3,7.8
2023,3,7.9,4.1,7.0
2023,3,6.7,4.4,7.3
2023,3,8.8,4.9,5.8
2023,3,6.2,6.6,9.0
2023,3,8.8,6.2,8.9
2023,3,9.2,4.1,9.0
2023,3,0.0,6.5,9.5
2023,3,7.1,3.7,8.2
2023,3,8.8,7.2,9.3
2023,3,7.9,5.0,7.4
2023,3,0.0,5.0,9.0
2023,3,9.2,7.6,9.8
2023,3,5.4,7.8,9.7
2023,3,0.0,5.2,8.9
2023,3,8.8,8.1,10.0
2023,3,6.7,7.6,9.5
2023,3,9.2,7.3,9.9
2023,3,9.6,7.3,8.6
2023,3,9.2,7.5,9.9
2023,3,5.4,5.0,7.6
2023,3,9.2,6.4,9.3
2023,3,9.2,4.8,7.5
2023,3,9.2,7.3,9.1
2023,3,8.8,5.2,9.0
2023,3,0.0,5.1,7.3
2023,3,8.3,5.3,9.3
2023,3,8.3,4.8,9.6
2023,3,8.8,3.8,7.6
2023,3,8.8,6.4,9.9
2023,3,6.7,6.5,8.1
2023,3,7.9,4.7,8.2
2023,3,8.3,7.2,9.5
2023,3,0.0,6.3,6.8
2023,3,9.2,4.2,7.3
2023,3,0.0,3.5,8.8
2023,3,9.2,4.8,9.4
2023,3,0.0,5.7,8.8
2023,3,7.5,8.1,8.6
2023,3,0.0,6.3,6.5
2023,3,8.3,6.8,9.5
2023,3,6.7,8.3,9.3
2023,3,0.0,6.2,8.2
2023,3,7.1,7.6,7.5
2023,3,0.0,2.6,7.5
2023,3,0.0,4.7,7.9
2023,3,8.8,7.2,8.9
2023,3,7.5,6.3,9.5
2023,3,9.6,3.8,6.9
2023,3,8.8,5.9,7.7
2023,3,7.9,8.7,8.4
2023,3,7.1,7.0,7.2
2023,3,10.0,2.7,8.1
2023,4,9.6,8.0,9.5
2023,4,7.9,5.9,8.7
2023,4,8.3,6.5,9.4
2023,4,8.3,6.7,7.8
2023,4,9.2,8.0,9.4
2023,4,9.6,6.8,8.3
2023,4,7.1,6.0,9.2
2023,4,7.9,6.2,9.0
2023,4,9.6,7.1,9.4
2023,4,8.3,7.2,9.8
2023,4,9.2,7.8,9.8
2023,4,7.5,6.9,9.7
2023,4,7.9,6.5,9.4
2023,4,0.0,7.8,9.7
2023,4,8.8,6.0,9.7
2023,4,8.3,5.6,8.6
2023,4,9.2,6.8,8.7
2023,4,8.8,6.5,6.2
2023,4,7.9,7.1,9.5
2023,4,9.6,4.3,4.5
2023,4,8.3,6.3,5.3
2023,4,8.8,7.1,7.9
2023,4,8.3,8.2,9.3
2023,4,10.0,7.2,9.9
2023,4,8.8,6.9,6.6
2023,4,8.8,5.7,9.3
2023,4,8.8,4.7,4.2
2023,4,9.6,5.0,8.1
2023,4,0.0,6.7,6.7
2023,4,8.8,6.1,7.6
2023,4,8.8,5.9,7.9
2023,4,8.3,5.4,9.5
2023,4,8.8,4.8,8.3
2023,4,7.5,4.2,6.3
2023,4,9.6,6.6,7.6
2023,4,7.5,5.3,8.7
2023,4,8.3,6.7,9.5
2023,4,0.0,4.5,7.0
2023,4,7.1,4.8,6.7
2023,4,8.3,7.3,8.3
2023,4,0.0,7.5,9.9
2023,4,7.1,7.9,9.7
2023,4,10.0,4.3,7.9
2023,4,0.0,7.3,8.8
2023,4,0.0,8.1,10.0
2023,4,8.8,6.8,9.9
2023,4,9.6,4.5,8.4
2023,4,0.0,7.0,8.4
2023,4,7.5,7.5,9.1
2023,4,0.0,3.8,3.7
2023,4,8.8,5.5,9.8
2023,4,7.5,4.6,7.9
2023,4,8.8,5.3,6.9
2023,4,7.9,6.2,9.0
2023,4,9.6,6.4,9.4
2023,4,8.3,7.0,8.7
2023,4,9.6,5.9,8.8
2023,4,7.9,2.7,7.7
2023,4,8.8,6.1,9.0
2023,4,8.8,7.7,8.8
2023,4,9.6,7.4,9.0
2023,4,9.2,3.9,8.7
2023,4,0.0,4.2,9.2
2023,4,9.2,5.2,5.4
2023,4,0.0,4.7,7.5
2023,4,7.5,3.7,7.2
2023,4,7.9,5.8,8.7
2023,4,7.9,5.1,5.6
2023,4,0.0,4.1,7.8
2023,4,5.4,4.9,6.8
2023,4,7.9,4.5,7.7
2023,4,9.2,6.6,9.0
2023,4,0.0,5.9,9.3
2023,4,0.0,6.1,9.6
2023,4,10.0,5.7,9.5
2023,4,7.9,4.9,8.1
2023,4,7.5,7.5,9.5
2023,4,9.2,5.5,9.9
2023,4,8.3,5.5,9.9
2023,4,0.0,5.6,9.8
2023,4,8.8,7.1,8.6
2023,4,0.0,4.0,7.9
2023,4,8.8,8.9,10.0
2023,4,6.7,6.5,9.5
2023,4,6.3,5.5,8.5
2023,4,8.3,4.7,4.6
2023,4,8.8,6.1,9.0
2023,4,0.0,3.9,4.8
2023,4,9.6,7.2,9.2
2023,4,8.3,6.2,9.4
2023,4,0.0,5.4,8.3
2023,4,7.9,6.3,8.1
2023,4,6.7,5.3,8.3
2023,4,9.6,5.3,8.0
2023,5,6.7,4.7,7.6
2023,5,8.3,7.1,9.2
2023,5,8.8,5.7,8.6
2023,5,6.3,6.0,8.8
2023,5,7.9,7.3,9.1
2023,5,0.0,5.7,9.4
2023,5,7.1,4.4,7.4
2023,5,9.2,5.8,7.7
2023,5,8.3,7.5,8.6
2023,5,6.7,5.7,7.3
2023,5,8.3,6.5,9.6
2023,5,7.5,6.0,8.7
2023,5,6.7,7.4,8.1
2023,5,8.8,4.2,7.1
2023,5,0.0,7.5,8.2
2023,5,10.0,6.4,9.8
2023,5,6.7,7.3,8.4
2023,5,5.8,2.9,7.3
2023,5,8.3,6.7,9.4
2023,5,8.8,6.4,7.8
2023,5,0.0,5.6,6.0
2023,5,6.2,7.9,9.5
2023,5,6.7,6.2,9.1
2023,5,9.2,4.3,9.2
2023,5,0.0,7.0,8.5
2023,5,0.0,4.0,6.4
2023,5,0.0,7.9,7.8
2023,5,8.8,5.7,8.9
2023,5,9.2,7.8,9.6
2023,5,8.3,2.2,7.8
2023,5,7.5,6.5,8.7
2023,5,7.5,5.3,7.9
2023,5,0.0,2.6,7.7
2023,5,7.1,6.0,6.3
2023,5,0.0,4.4,5.2
2023,5,7.1,3.3,7.6
2023,5,10.0,7.7,9.6
2023,5,8.8,7.9,9.9
2023,5,0.0,4.7,9.6
2023,5,9.2,7.2,10.0
2023,5,7.9,4.4,8.1
2023,5,7.5,7.2,9.6
2023,5,9.6,6.3,8.8
2023,5,0.0,4.3,7.3
2023,5,7.5,5.2,7.2
2023,5,8.8,5.0,8.3
2023,5,7.5,6.1,8.7
2023,5,9.2,5.0,9.2
2023,5,9.2,8.1,8.5
2023,5,7.5,8.1,8.9
2023,5,8.8,4.8,9.2
2023,5,9.2,6.4,7.4
2023,5,8.8,5.6,8.3
2023,5,7.1,6.8,9.9
2023,5,8.8,5.5,9.0
2023,5,8.8,6.2,8.8
2023,5,7.5,7.4,9.4
2023,5,7.1,6.0,9.0
2023,5,0.0,5.8,7.3
2023,5,0.0,5.8,8.2
2023,5,9.6,4.7,9.4
2023,5,6.7,7.3,9.2
2023,5,7.1,6.2,9.1
2023,5,8.3,4.2,8.9
2023,5,0.0,6.0,8.4
2023,6,7.5,5.9,8.2
2023,6,9.6,7.4,9.8
2023,6,6.7,6.6,9.8
2023,6,9.2,7.7,9.1
2023,6,7.9,5.0,6.7
2023,6,7.9,7.1,8.1
2023,6,0.0,6.9,8.5
2023,6,7.1,4.1,5.6
2023,6,7.1,7.9,9.6
2023,6,9.6,7.8,9.5
2023,6,0.0,7.2,8.0
2023,6,0.0,8.1,9.7
2023,6,7.5,7.2,9.6
2023,6,9.6,7.9,9.0
2023,6,0.0,6.7,7.7
2023,6,5.8,7.6,6.2
2023,6,8.3,6.2,7.0
2023,6,6.7,8.7,9.0
2023,6,7.5,6.7,9.2
2023,6,6.7,7.7,8.4
2023,6,8.3,8.3,9.9
2023,6,8.3,6.3,8.4
2023,6,10.0,7.4,7.4
2023,6,0.0,5.9,7.9
2023,6,9.6,6.7,9.4
2023,6,9.6,6.4,8.9
2023,6,7.5,5.3,9.2
2023,6,8.8,6.3,6.5
2023,6,0.0,6.8,9.0
2023,6,0.0,6.0,8.8
2023,6,7.9,4.5,8.3
2023,6,7.5,9.3,10.0
2023,6,8.3,5.1,8.1
2023,7,9.2,8.7,9.1
2023,7,6.7,6.9,7.7
2023,7,7.1,6.8,10.0
2023,7,0.0,7.9,8.2
2023,7,7.9,7.8,9.4
2023,7,0.0,7.5,9.8
2023,7,8.8,9.0,9.3
2023,7,9.6,7.7,9.7
2023,7,8.3,8.0,9.4
2023,7,9.6,7.8,9.1
2024,,10.002,8.0,8.6666666665
2024,,10.002,8.0,9.3333333335
2024,,10.002,8.0,9.0833333335
2024,,8.002,7.0,9.75
2024,,9.002,7.5,4.1666666665
2024,,10.002,8.25,10.0
2024,,9.502,10.0,10.0
2024,,9.002,7.5,8.6136363635
2024,,10.002,8.5,9.5454545455
2024,,7.918,9.25,9.5454545455
2024,,9.502,9.5,9.5454545455
2024,,10.002,8.75,8.818181818
2024,,9.502,9.25,8.1136363635
2024,,8.502,9.75,9.2954545455
2024,,9.002,8.5,7.409090909
2024,,10.002,9.0,9.230769231
2024,,10.002,8.75,9.0454545455
2024,,9.002,10.0,9.347826087
2024,,9.502,9.75,9.523809524
2024,,10.002,8.0,8.830227742999998
2024,,8.002,7.0,5.051759834
2024,,10.002,7.75,9.3064182195
2024,,9.002,10.0,7.9813664595
2024,,7.002,7.75,9.4444444445
2024,,10.002,8.75,10.0
2024,,9.502,8.25,9.5
2024,,8.502,8.5,10.0
2024,,7.502,8.25,4.7727272725
2024,,8.002,8.5,9.4949494945
2024,,9.002,8.5,10.0
2024,,9.502,7.75,10.0
2024,,8.002,7.5,6.8863636365000005
2024,,9.002,7.75,5.6937799039999994
2024,,10.002,7.5,9.5227272725
2024,,9.002,6.5,8.4444444445
2024,,8.502,5.5,3.159090909
2024,,9.502,9.25,9.761904762
2024,,8.502,5.25,7.8863636365000005
2024,,9.502,6.5,8.445652174
2024,,9.502,8.75,10.0
2024,,9.502,6.75,6.643356643500001
2024,,8.502,6.5,7.638888889
2024,,9.502,6.0,8.75
2024,,8.502,9.0,8.75
2024,,9.502,7.0,2.9166666665000003
2024,,10.002,4.0,5.416666667
2024,,10.002,10.0,10.0
2024,,9.002,6.0,7.9575163395
2024,,8.502,4.75,8.710526316
2024,,9.002,9.75,10.0
2024,,9.002,9.25,9.75
2024,,7.502,7.25,7.6710526315
2024,,9.002,7.25,9.4736842105
2024,,7.918,2.75,8.697368421
2024,,9.502,8.25,7.6710526315
2024,,10.002,5.5,5.833333333500001
2024,,10.002,6.0,7.445652174
2024,,9.002,7.5,9.1666666665
2024,,8.502,10.0,9.375
2024,,9.002,0.0,9.166666667
2024,,10.002,6.5,8.333333333
2024,,9.502,6.25,8.125
2024,,7.418,9.0,8.541666667
2024,,6.834,9.0,8.3333333335
2024,,8.502,6.0,8.6631016045
2024,,9.002,7.75,8.20855615
2024,,7.502,10.0,7.0721925135
2024,,7.002,6.0,2.7525252525
2024,,8.502,4.75,8.14171123
2024,,8.502,2.75,7.3320158105
2024,,7.002,7.0,4.598930481
2024,,8.002,4.75,7.005347594
2024,,7.002,7.0,6.483957219
2024,,7.002,5.25,4.692513369
2024,,8.502,5.0,7.6871657755000005
2024,,8.002,8.25,8.6944444445
2024,,9.502,7.5,9.25
2024,,8.502,5.0,8.4444444445
2024,,8.502,8.5,5.7516339865
2024,,9.002,8.25,6.833333333500001
2024,,9.002,3.0,7.7794117645
2024,,9.002,8.75,8.9444444445
2024,,9.002,8.25,9.1666666665
2024,,10.002,8.25,8.1666666665
2024,,8.002,6.0,8.4166666665
2024,,9.002,8.75,8.875
2024,,9.502,7.5,9.0
2024,,10.002,7.0,9.0833333335
2024,,10.002,8.5,10.0
2024,,7.918,8.5,8.5833333335
2024,,9.002,10.0,9.5227272725
2024,,9.002,4.5,9.2916666665
2024,,9.002,7.5,9.3333333335
2024,,8.502,10.0,8.2083333335
2024,,9.502,6.5,10.0
2024,,10.002,9.5,9.3333333335
2024,,9.002,7.25,7.291666666499999
2024,,9.002,9.0,7.25
2024,,8.502,8.25,9.411764706
2024,,8.502,6.25,6.25
2024,,7.502,9.25,10.0
2024,,9.502,8.5,9.75
2024,,10.002,9.0,10.0
2024,,8.002,8.75,9.25
2024,,10.002,5.5,8.75
2024,,9.002,8.75,9.75
2024,,10.002,5.0,8.75
2024,,9.502,7.75,9.544513457499999
2024,,9.502,9.5,6.2008281575
2024,,8.002,6.0,4.722222222
2024,,8.002,3.0,8.6607142855
2024,,8.502,8.75,10.0
2024,,9.502,10.0,8.392857143
2024,,10.002,10.0,9.246031746
2024,,9.002,4.5,7.619047619
2024,,9.502,9.0,9.761904762
2024,,8.002,9.75,10.0
2024,,8.502,10.0,10.0
2024,,9.002,8.75,9.511904762
2024,,9.502,4.5,8.7976190475
2024,,8.502,6.25,9.4590643275
2024,,8.502,6.5,6.619047619
2024,,9.502,5.5,8.0595238095
2024,,8.502,5.0,8.7857142855
2024,,9.002,6.5,8.7857142855
2024,,9.502,7.0,9.023809524
2024,,10.002,4.0,9.0357142855
2024,,9.002,9.25,7.833333333500001
2024,,10.002,3.75,6.3928571430000005
2024,,9.502,8.75,9.7368421055
2024,,9.002,6.75,9.4736842105
2024,,8.502,8.0,9.7368421055
2024,,9.002,7.25,9.75
2024,,7.502,9.0,8.5913312695
2024,,9.502,8.5,10.0
2024,,8.002,8.5,8.388888889
2024,,10.002,7.5,10.0
2024,,8.502,8.5,10.0
2024,,9.002,8.75,9.230769231
2024,,10.002,9.5,9.7368421055
2024,,10.002,8.5,9.5
2024,,8.002,3.0,9.5
2024,,9.502,6.0,8.3636363635
2024,,9.502,8.25,9.5227272725
2024,,10.002,7.0,6.5227272725
2024,,7.418,6.75,7.909090909
2024,,9.502,6.75,8.3863636365
2024,,9.002,2.25,6.4772727275
2024,,10.002,3.75,9.318181818
2024,,9.002,5.5,9.4444444445
2024,,9.502,9.0,8.568181818
2024,,8.002,6.75,7.5
2024,,9.002,7.25,7.8636363634999995
2024,,9.168,4.0,7.380952381
2024,,8.502,6.0,9.0
2024,,8.502,5.0,7.0018115945
2024,,9.502,10.0,9.375
2024,,8.502,8.0,7.708333333500001
2024,,10.002,8.5,6.875
2024,,10.002,7.0,7.291666666499999
2024,,7.418,6.5,10.0
2024,,9.002,6.0,7.010869565
2024,,8.002,8.75,8.4166666665
2024,,9.002,6.5,9.7916666665
2024,,9.002,6.5,6.6032608695
2024,,9.502,6.5,9.282608695499999
2024,,10.002,8.75,8.3804347825
2024,,7.002,9.5,10.0
2024,,8.502,8.0,8.6304347825
2024,,9.502,6.5,9.5
2024,,10.002,9.0,8.722222222
2024,,7.502,4.5,6.9782608695
2024,,9.502,4.75,10.0
2024,,9.502,6.75,8.8804347825
2024,,9.502,5.25,9.347826087
2024,,9.502,8.25,10.0
2024,,9.002,9.75,9.6153846155
2024,,9.002,8.25,9.532608695499999
2024,,9.002,5.5,10.0
2024,,9.002,6.75,9.2857142855
2024,,9.502,7.25,8.6842105265
2024,,9.502,8.0,8.784461152999999
2024,,10.002,5.0,9.022556391
2024,,9.502,9.5,10.0
2024,,8.502,7.5,9.761904762
2024,,8.502,8.5,9.2606516295
2024,,8.002,5.0,7.5689223055
2024,,10.002,8.0,10.0
2024,,9.002,7.25,9.761904762
2024,,9.502,8.0,8.759398496
2024,,9.002,5.0,8.214285713999999
2024,,9.002,10.0,9.7916666665
2024,,9.502,8.25,9.7916666665
2024,,8.502,10.0,9.2916666665
2024,,9.002,0.0,5.625
2024,,9.502,5.0,7.5
2024,1,9.502,8.0,7.5
2024,1,9.502,5.75,8.6944444445
2024,1,9.002,6.5,8.181818182
2024,1,8.502,8.25,7.727272727
2024,1,9.502,7.75,10.0
2024,1,9.502,6.5,10.0
2024,1,9.002,9.0,7.727272727
2024,1,9.502,8.75,9.3073593075
2024,1,9.502,8.5,9.090909091
2024,1,9.002,9.0,9.7727272725
2024,1,9.502,8.0,9.318181818
2024,1,9.502,6.5,9.318181818
2024,1,9.002,7.0,10.0
2024,1,6.334,6.5,7.727272727000001
2024,1,6.918,8.0,9.555335968
2024,1,8.502,7.25,9.328063240999999
2024,1,9.002,6.0,9.7727272725
2024,1,8.002,6.75,10.0
2024,1,6.418,7.5,10.0
2024,1,6.249,3.75,5.938735178
2024,1,10.002,8.25,9.1007905135
2024,1,9.002,6.75,6.1363636360000005
2024,1,9.002,9.25,10.0
2024,1,8.002,10.0,10.0
2024,1,9.002,8.5,9.318181818
2024,1,10.002,5.0,9.7727272725
2024,1,8.418,7.25,6.6501976285
2024,1,9.002,6.0,7.3221343875
2024,1,8.002,7.5,7.055335968
2024,1,9.002,7.75,9.5227272725
2024,1,10.002,4.25,9.090909091
2024,1,9.502,6.25,8.6363636365
2024,1,8.002,8.75,10.0
2024,1,9.002,8.75,8.7954545455
2024,1,8.502,8.0,9.75
2024,1,10.002,9.5,10.0
2024,1,6.918,10.0,8.888888889
2024,1,8.502,6.5,9.7727272725
2024,1,10.002,8.0,9.5227272725
2024,1,9.002,7.0,9.2727272725
2024,1,9.502,2.5,7.840909091
2024,1,9.502,7.0,9.0227272725
2024,1,10.002,7.75,9.2727272725
2024,1,10.002,7.25,9.5454545455
2024,1,9.002,8.75,9.3073593075
2024,1,8.502,7.5,9.090909091
2024,1,8.002,5.5,7.9545454545
2024,1,9.002,1.0,4.5454545455
2024,1,8.002,8.75,8.6363636365
2024,1,8.002,7.5,8.8636363635
2024,1,10.002,5.75,9.318181818
2024,1,10.002,6.75,8.409090909
2024,1,10.002,7.25,9.0909090905
2024,1,9.002,6.25,8.1136363635
2024,1,9.502,7.75,4.696969697
2024,1,9.002,2.75,9.5
2024,1,10.002,9.75,9.3073593075
2024,1,7.918,6.25,8.409090909
2024,1,9.002,7.25,8.593073593
2024,1,9.502,8.5,9.2965367965
2024,1,10.002,2.0,5.3896103895
2024,1,8.502,6.25,9.5833333335
2024,1,9.502,7.0,10.0
2024,1,8.002,6.75,9.7727272725
2024,1,8.502,7.5,7.549407115
2024,1,8.502,5.25,9.564393939
2024,1,8.502,7.75,8.2765151515
2024,1,8.002,4.5,4.772727273
2024,1,8.002,8.0,9.337121212
2024,1,9.002,8.5,9.7916666665
2024,1,10.002,8.5,8.4848484845
2024,1,9.002,9.0,9.337121212
2024,1,8.502,7.5,8.674242424500001
2024,1,9.502,8.0,9.337121212
2024,1,9.002,7.0,9.7727272725
2024,1,8.502,8.25,9.128787879
2024,1,8.002,6.5,9.318181818
2024,1,7.918,0.0,3.9525691700000003
2024,1,10.002,8.25,7.994071146
2024,1,10.002,7.25,7.292490119
2024,1,8.502,7.5,10.0
2024,1,7.502,6.5,8.646245059
2024,1,9.002,3.5,6.4285714285
2024,1,0.0,6.75,4.6245059285
2024,1,9.002,8.0,9.555335968
2024,1,8.418,3.75,5.2964426875
2024,1,7.918,4.5,5.520833333500001
2024,1,7.418,6.0,7.994071146
2024,1,9.002,7.5,6.777777778
2024,1,9.502,4.75,7.5
2024,1,8.502,5.75,5.3125
2024,1,10.002,9.25,10.0
2024,1,9.502,2.75,6.439393939
2024,1,9.002,7.25,8.9444444445
2024,1,9.002,7.0,6.7976190475
2024,1,9.502,2.75,5.845238095
2024,1,9.002,5.75,5.5335968375
2024,1,9.502,4.5,8.03030303
2024,1,9.502,8.0,10.0
2024,1,5.834,8.25,9.128787879
2024,1,10.002,6.5,7.3484848485
2024,1,10.002,5.5,5.7954545455
2024,1,10.002,2.25,8.095238095
2024,1,8.002,8.75,10.0
2024,1,9.502,7.75,10.0
2024,1,10.002,6.0,5.9523809525
2024,1,8.502,3.75,9.0476190475
2024,1,7.917,0.0,5.9523809525
2024,1,10.002,8.5,9.047619048
2024,1,9.502,8.75,10.0
2024,1,0.0,5.75,6.904761905
2024,1,10.002,7.75,9.523809524
2024,1,10.002,6.75,8.333333332999999
2024,1,9.168,7.75,8.095238095
2024,1,9.502,7.0,9.285714286000001
2024,1,9.502,3.0,6.9047619045
2024,1,0.0,3.0,8.095238095
2024,1,9.002,6.25,7.380952381
2024,1,10.002,6.75,10.0
2024,1,9.002,5.25,9.047619048
2024,1,8.502,8.25,9.2857142855
2024,1,8.502,8.0,8.8562091505
2024,1,9.002,6.75,7.619047619
2024,1,9.502,6.0,10.0
2024,1,10.002,8.0,10.0
2024,1,8.002,7.25,9.047619048
2024,1,9.502,7.75,8.888888889
2024,1,8.502,6.25,10.0
2024,1,9.502,8.25,9.0476190475
2024,1,10.002,8.0,10.0
2024,1,9.502,7.75,7.8571428569999995
2024,1,9.502,9.5,9.761904762
2024,1,9.002,8.0,7.7432712215
2024,1,10.002,9.5,10.0
2024,1,8.502,8.75,9.068322981
2024,1,8.502,9.0,7.9813664595
2024,1,10.002,10.0,10.0
2024,1,9.002,5.5,8.8923395445
2024,1,9.502,7.5,7.833333333500001
2024,1,10.002,9.75,10.0
2024,1,7.418,8.0,8.674948240500001
2024,1,8.502,8.0,9.347826087
2024,1,10.002,7.0,9.0
2024,1,7.502,8.5,10.0
2024,1,9.002,4.5,9.544513457499999
2024,1,9.502,8.5,9.109730849
2024,1,8.002,7.25,8.674948240500001
2024,1,6.918,6.75,7.5
2024,1,8.502,6.0,5.277777778
2024,1,9.502,3.25,6.017786561
2024,1,9.502,8.5,9.545454545
2024,1,9.002,5.0,8.8833992095
2024,1,9.002,8.5,6.85770751
2024,1,9.502,7.75,8.8833992095
2024,1,8.502,3.25,5.2865612650000005
2024,1,9.002,7.75,9.5454545455
2024,1,9.002,5.25,8.8636363635
2024,1,7.502,7.75,9.347826087
2024,1,9.502,7.25,9.5
2024,1,8.002,0.0,6.6501976285
2024,1,9.002,5.5,7.9841897235
2024,1,9.502,5.25,9.7368421055
2024,1,9.002,6.25,9.058441558
2024,1,10.002,8.25,8.365800865499999
2024,1,9.002,6.0,9.5346320345
2024,1,9.002,2.25,9.3073593075
2024,1,8.502,7.5,10.0
2024,1,10.002,8.5,9.2965367965
2024,1,7.502,9.0,9.4736842105
2024,1,9.002,7.5,9.0692640695
2024,1,9.502,7.75,10.0
2024,1,8.502,6.0,9.523809524
2024,1,8.502,6.75,6.9047619045
2024,1,9.002,7.0,7.8571428569999995
2024,1,9.002,8.75,10.0
2024,1,7.502,7.5,9.761904762
2024,1,9.502,6.0,7.8571428569999995
2024,1,9.502,7.25,8.333333332999999
2024,1,7.418,6.75,8.3333333335
2024,1,9.002,8.0,5.75
2024,1,9.502,3.5,8.571428571
2024,1,9.502,7.0,9.761904762
2024,1,10.002,6.0,8.8095238095
2024,1,9.502,4.75,3.5714285715
2024,1,9.002,7.75,8.8095238095
2024,2,8.002,6.25,9.0357142855
2024,2,8.502,4.25,5.9166666665
2024,2,7.5,6.0,8.5154061625
2024,2,8.502,6.25,6.833333333500001
2024,2,7.502,3.75,7.5714285715
2024,2,0.0,3.0,6.6428571430000005
2024,2,9.002,4.5,8.3214285715
2024,2,9.002,7.75,10.0
2024,2,8.502,6.5,7.8214285715
2024,2,8.002,7.75,5.880952381
2024,2,8.002,3.5,7.777777778
2024,2,7.002,4.25,6.6071428569999995
2024,2,9.502,7.75,9.511904762
2024,2,7.918,4.0,7.8214285715
2024,2,8.502,5.25,5.6428571430000005
2024,2,7.502,1.0,6.095238095
2024,2,3.498,2.75,8.0357142855
2024,2,9.502,7.5,10.0
2024,2,7.418,5.25,7.845238095
2024,2,8.751,3.25,7.280701754500001
2024,2,7.502,7.5,8.0833333335
2024,2,7.502,5.25,9.011904762
2024,2,9.502,5.25,10.0
2024,2,9.502,9.5,9.511904762
2024,2,8.002,7.25,8.7857142855
2024,2,6.25,5.0,8.0714285715
2024,2,8.002,3.75,8.2976190475
2024,2,9.502,3.25,7.460526316
2024,2,9.502,5.0,7.8095238095
2024,2,8.502,4.75,9.0476190475
2024,2,9.002,3.0,7.595238095
2024,2,10.002,2.75,9.273809524
2024,2,8.502,6.5,10.0
2024,2,8.502,10.0,9.722222222
2024,2,8.002,6.25,7.794871795
2024,2,7.502,7.25,9.2355889725
2024,2,7.418,8.0,8.28320802
2024,2,7.418,5.75,8.75
2024,2,8.002,9.0,9.523809524
2024,2,7.002,8.75,7.9949874685
2024,2,10.002,7.5,7.380952381
2024,2,9.002,8.0,9.761904762
2024,2,9.002,9.25,9.022556391
2024,2,8.502,7.0,8.972431078
2024,2,9.002,6.0,10.0
2024,2,8.502,4.75,9.4444444445
2024,2,8.002,5.0,6.35610766
2024,2,10.002,7.5,7.195652174
2024,2,9.168,6.75,8.170995671
2024,2,8.502,8.75,10.0
2024,2,7.502,6.75,9.782608695499999
2024,2,10.002,5.75,7.204968943999999
2024,2,7.002,5.25,8.695652174
2024,2,9.502,2.5,4.188311688500001
2024,2,0.0,3.25,7.1428571430000005
2024,2,7.917,6.5,7.7236842105
2024,2,7.502,7.0,9.523809524
2024,2,9.502,6.25,7.3291925465
2024,2,9.002,8.25,9.544513457499999
2024,2,9.502,5.25,8.4368530025
2024,2,8.002,8.0,9.782608695499999
2024,2,7.502,6.75,5.983436853
2024,2,8.502,7.25,7.763975155000001
2024,2,8.002,6.75,8.0020703935
2024,2,8.002,6.75,7.525879916999999
2024,2,0.0,4.0,6.873706004
2024,2,8.502,9.25,8.6542443065
2024,2,8.002,7.5,7.960662526
2024,2,10.002,7.0,9.0890269155
2024,2,8.502,9.25,10.0
2024,2,8.502,8.0,5.7660455485
2024,2,9.002,9.25,8.871635610999999
2024,2,7.418,8.75,8.198757764
2024,2,10.002,3.25,6.3272311215000006
2024,2,8.002,9.5,7.152777778
2024,2,9.002,8.5,10.0
2024,2,10.002,6.25,6.573529412
2024,2,9.002,2.75,5.250626566499999
2024,2,8.002,8.5,7.5438596495
2024,2,9.002,5.0,8.070175439
2024,2,8.002,7.25,9.722222222
2024,2,9.002,8.5,10.0
2024,2,10.002,9.5,9.5138888885
2024,2,9.502,8.25,8.5416666665
2024,2,8.502,8.0,7.4305555555
2024,2,9.002,6.25,7.0760869565
2024,2,9.502,8.5,10.0
2024,2,10.002,7.25,9.782608695499999
2024,2,8.002,5.0,8.010869565
2024,2,10.002,3.75,6.4239130435
2024,2,10.002,7.0,8.1235697945
2024,2,7.418,7.5,7.913043478500001
2024,2,8.002,4.25,6.666666667
2024,2,9.502,8.0,9.75
2024,2,8.502,4.25,6.1965811965
2024,2,8.502,5.5,8.875
2024,2,9.168,8.25,8.6630434785
2024,2,8.502,7.0,7.4782608695
2024,2,8.502,4.75,8.782608695499999
2024,2,8.502,0.0,5.0
2024,2,9.502,6.5,7.913043478500001
2024,2,9.002,7.0,10.0
2024,2,9.002,5.0,7.7432712215
2024,2,8.002,5.75,5.431372549
2024,2,9.002,6.0,9.3271221535
2024,2,8.002,4.0,8.219461698
2024,2,10.002,8.25,9.5652173915
2024,2,8.002,3.5,7.111801242
2024,2,9.002,5.0,5.793478261000001
2024,2,8.002,7.5,8.010869565
2024,2,8.502,6.5,7.0910973085
2024,2,8.502,7.75,9.5652173915
2024,2,9.002,6.5,6.25
2024,2,9.502,7.25,8.3954451345
2024,2,0.0,5.75,8.4782608695
2024,2,8.002,8.0,8.8141025645
2024,2,8.002,8.75,9.109730849
2024,2,8.002,8.75,9.7727272725
2024,2,8.002,7.5,10.0
2024,2,8.002,9.75,9.5454545455
2024,2,9.585,3.25,6.0
2024,2,8.502,7.25,8.8636363635
2024,2,8.502,4.0,7.8468899525
2024,2,8.334,4.75,5.068181818
2024,2,8.002,6.25,4.2676767675
2024,2,8.502,8.5,10.0
2024,2,0.0,4.25,6.7794117645
2024,2,9.002,8.25,8.318181818
2024,2,8.502,3.25,7.6136363634999995
2024,2,6.918,7.0,5.75
2024,2,9.002,4.25,5.714285714500001
2024,2,0.0,2.0,5.0227272725
2024,2,8.502,7.0,7.840909091
2024,2,8.418,6.5,9.25
2024,2,8.418,5.75,9.519450801
2024,2,9.502,3.5,8.3333333335
2024,2,8.002,4.5,8.7757437075
2024,2,5.25,7.75,9.75
2024,2,9.002,5.75,6.7734553775
2024,2,9.502,5.0,10.0
2024,2,8.002,6.0,7.8804347825
2024,2,9.502,8.5,9.7368421055
2024,2,9.502,9.25,8.8152173915
2024,2,8.002,5.25,7.628205128
2024,2,8.002,7.25,9.75
2024,2,9.002,4.25,3.054347826
2024,2,8.502,5.25,8.2212885155
2024,2,9.168,7.25,4.840909091
2024,2,8.002,5.25,4.9043062200000005
2024,2,6.834,7.0,6.112440191499999
2024,2,7.502,2.75,10.0
2024,2,7.418,7.5,9.090909091
2024,2,7.502,7.75,6.2272727275
2024,2,8.002,5.5,6.931818182000001
2024,2,7.002,9.25,9.7727272725
2024,2,7.5,6.75,4.6136363634999995
2024,2,8.502,5.0,5.7272727275
2024,2,9.502,3.75,7.5252525255
2024,2,9.002,4.5,6.8660287085
2024,2,7.418,5.25,8.3863636365
2024,2,9.502,9.5,9.068181818
2024,2,6.834,4.75,3.5064935065
2024,2,7.918,5.25,9.090909091
2024,2,8.002,3.5,8.3874458875
2024,2,7.502,8.75,7.012987013
2024,2,6.918,5.0,4.448051948
2024,2,8.002,4.5,4.188311688500001
2024,2,7.502,9.25,7.2294372295
2024,2,8.502,7.5,6.5151515155
2024,2,10.002,10.0,9.7727272725
2024,2,9.502,9.0,10.0
2024,2,10.002,8.75,9.3271221535
2024,2,9.502,5.75,7.525879916999999
2024,2,7.502,6.75,6.811594203
2024,2,8.002,4.0,8.457556936
2024,2,9.502,5.5,10.0
2024,2,7.502,6.25,7.48447205
2024,2,9.002,9.0,10.0
2024,2,8.502,3.75,7.5252525255
2024,2,9.002,5.5,7.979797980000001
2024,2,10.002,6.0,9.523809524
2024,2,9.002,8.0,8.695652174
2024,2,6.418,3.5,6.6666666665
2024,2,9.002,8.0,9.3271221535
2024,2,10.002,9.0,7.784679089
2024,3,9.168,6.5,6.370972886666667
2024,3,7.5,6.333333333333333,7.329323308333333
2024,3,8.334,0.0,3.9141382866666667
2024,3,10.002,5.666666666666667,5.315995871999999
2024,3,9.585,4.666666666666667,5.404288499000001
2024,3,9.585,3.1666666666666665,5.201336675
2024,3,9.168,4.666666666666667,4.305555555666667
2024,3,7.084,1.75,5.714285714333333
2024,3,9.585,6.5,8.097577276666668
2024,3,9.168,9.666666666666666,9.441269841333334
2024,3,8.334,6.333333333333333,7.777033492666668
2024,3,8.751,3.6666666666666665,7.705263158
2024,3,9.585,4.833333333333333,5.560902255666666
2024,3,9.168,6.166666666666667,5.5110047846666665
2024,3,10.002,6.166666666666667,9.149206349333333
2024,3,5.832,4.666666666666667,3.7838383836666662
2024,3,7.917,2.6666666666666665,8.393265993333333
2024,3,10.002,3.1666666666666665,8.933333333333334
2024,3,8.334,3.75,9.060606060666666
2024,3,8.751,8.166666666666666,5.627886710333333
2024,3,7.5,3.1666666666666665,6.157902555
2024,3,8.334,5.5,9.109090909
2024,3,7.5,6.333333333333333,4.516498316333333
2024,3,8.751,3.5,7.735353535333334
2024,3,8.751,7.0,10.0
2024,3,9.168,8.5,9.866666666666667
2024,3,10.002,7.666666666666667,8.831746031666666
2024,3,9.168,6.666666666666667,9.803921568666667
2024,3,6.666,8.166666666666666,9.283272283333334
2024,3,7.917,4.0,2.777777777666667
2024,3,8.751,3.1666666666666665,6.125925926
2024,3,9.168,9.666666666666666,9.866666666666667
2024,3,7.5,5.0,5.266499582333334
2024,3,9.168,7.0,9.866666666666667
2024,3,7.917,7.0,8.293650793666666
2024,3,8.334,4.0,6.8300751879999995
2024,3,10.002,2.0,5.017209691
2024,3,8.751,4.5,6.468838763666667
2024,3,7.083,8.666666666666666,5.111779448666667
2024,3,10.002,9.833333333333334,10.0
2024,3,9.585,7.333333333333333,9.382456140333334
2024,3,9.168,6.666666666666667,5.793483709333334
2024,3,10.002,8.833333333333334,10.0
2024,3,9.585,5.0,6.043441938333333
2024,3,10.002,3.0,4.849791144666667
2024,3,8.334,5.833333333333333,5.618045113
2024,3,9.168,3.75,10.0
2024,3,0.0,2.0,7.703703703666666
2024,3,7.083,4.666666666666667,5.567251461999999
2024,3,9.585,5.333333333333333,9.523809524
2024,3,7.917,5.166666666666667,6.585769980666666
2024,3,9.168,8.0,10.0
2024,3,9.168,6.0,6.363636363666667
2024,3,9.585,6.666666666666667,10.0
2024,3,9.168,5.666666666666667,7.787878788
2024,3,9.168,6.833333333333333,7.039682539666667
2024,3,9.585,6.333333333333333,7.621832358666666
2024,3,9.585,7.666666666666667,9.824561403666666
2024,3,7.5,8.666666666666666,7.722222222333333
2024,3,9.168,7.333333333333333,9.523809523666666
2024,3,7.5,2.3333333333333335,7.84502924
2024,3,8.751,3.5,5.822406257
2024,3,8.334,0.0,5.4312354313333335
2024,3,7.917,5.166666666666667,3.2619047620000003
2024,3,9.168,3.0,3.7763975156666674
2024,3,10.002,3.1666666666666665,5.705128205
2024,3,6.666,5.5,7.435897436
2024,3,6.249,5.0,4.600414078666667
2024,3,9.168,3.6666666666666665,3.7546583853333337
2024,3,8.751,3.9333333333333336,6.481366459666667
2024,3,8.751,6.833333333333333,9.616977225666666
2024,3,0.0,2.8333333333333335,2.5238095237666665
2024,3,10.002,4.333333333333333,2.7505175983333334
2024,3,8.751,5.833333333333333,7.9726867336666665
2024,3,8.334,3.8333333333333335,8.133333333333333
2024,3,7.917,8.0,9.200000000000001
2024,3,7.5,4.666666666666667,7.1000000000000005
2024,3,8.334,3.6666666666666665,6.133333333333333
2024,3,8.751,7.5,9.526143791
2024,3,10.002,5.833333333333333,9.233333333333333
2024,3,9.168,5.0,9.5
2024,3,8.751,2.5,6.2
2024,3,7.917,7.0,6.166666666666667
2024,3,7.5,4.333333333333333,7.166666666666667
2024,3,7.083,3.8333333333333335,6.171428571333333
2024,3,9.585,5.166666666666667,6.674358974333333
2024,3,7.5,4.166666666666667,6.080701754333333
2024,3,10.002,2.8333333333333335,8.287284610666667
2024,3,8.751,4.333333333333333,5.636363636333333
2024,3,9.168,6.0,7.161904762
2024,3,8.751,6.833333333333333,7.030620028333334
2024,3,10.002,9.666666666666666,8.756265663999999
2024,3,9.168,6.666666666666667,7.600427350666667
2024,3,8.751,9.333333333333334,9.390476190333333
2024,3,0.0,2.0,3.9057239053333332
2024,3,8.751,6.166666666666667,7.668803418666666
2024,3,9.585,6.666666666666667,10.0
2024,3,9.168,8.333333333333334,9.461904762000001
2024,3,9.585,7.0,9.082539682666665
2024,3,7.084,2.5,6.944444444333333
2024,3,8.751,1.6666666666666667,4.908119658333334
2024,3,9.585,6.833333333333333,9.443589743666667
2024,3,9.168,9.5,9.710144927666667
2024,3,7.917,1.1666666666666667,9.666666666666666
2024,3,8.751,3.1666666666666665,8.201288245
2024,3,8.334,7.833333333333333,9.833333333333334
2024,3,9.585,4.0,9.02791197
2024,3,8.751,5.833333333333333,5.103121516333333
2024,3,9.168,7.0,8.722222222333334
2024,3,8.751,7.666666666666667,9.028180354333333
2024,3,7.917,5.0,8.904455179666668
2024,3,9.168,8.666666666666666,8.33064949
2024,3,10.002,7.666666666666667,8.607843137333333
2024,3,9.168,7.5,10.0
2024,3,8.334,8.333333333333334,9.277777777666666
2024,3,8.751,7.666666666666667,7.361111111
2024,3,9.168,7.166666666666667,7.935185184999999
2024,3,9.168,5.0,9.498366013
2024,3,9.585,6.666666666666667,10.0
2024,3,8.751,5.333333333333333,9.861111111
2024,3,7.5,2.8333333333333335,6.157407407333333
2024,3,8.751,5.666666666666667,8.314814814666667
2024,3,6.667,6.833333333333333,9.027777777666666
2024,3,10.002,4.166666666666667,8.324074074
2024,3,7.5,5.333333333333333,4.851851851666666
2024,3,7.5,4.833333333333333,4.981481481666667
2024,3,9.585,6.333333333333333,9.694444444333334
2024,3,9.585,7.166666666666667,9.231481481333333
2024,3,9.168,4.333333333333333,7.851461988333334
2024,3,8.751,8.0,6.829721362333333
2024,3,8.751,4.0,7.223245614
2024,3,7.917,6.0,8.429629629666666
2024,3,6.666,4.833333333333333,6.839473684333334
2024,3,9.585,4.166666666666667,6.191537667666666
2024,3,7.917,7.833333333333333,6.108152734666667
2024,3,9.168,3.0,5.818518518666667
2024,3,9.585,7.333333333333333,9.670588235333334
2024,3,10.002,7.166666666666667,7.881527348
2024,3,8.334,7.0,7.5029927763333335
2024,3,7.917,4.5,6.5964912280000005
2024,3,5.833,4.333333333333333,6.501135191
2024,3,8.334,4.166666666666667,7.2122004356666665
2024,3,8.751,3.6666666666666665,10.0
2024,3,8.334,2.6666666666666665,5.0
2024,3,9.168,8.166666666666666,8.633333333333333
2024,3,8.751,5.0,9.533333333333333
2024,3,7.917,4.166666666666667,7.6107226106666666
2024,3,9.168,5.0,7.090909091
2024,3,7.501,3.1666666666666665,6.304873294333333
2024,3,8.334,5.666666666666667,6.286274509666666
2024,3,9.585,5.666666666666667,8.716666666666667
2024,3,0.0,2.3333333333333335,3.3555555556666667
2024,3,9.168,4.666666666666667,7.038986354666666
2024,3,7.5,2.6666666666666665,6.194444444333333
2024,3,7.5,5.0,8.076923077
2024,3,7.084,3.8333333333333335,7.846439628666666
2024,3,8.334,5.833333333333333,8.674509804
2024,3,7.501,8.166666666666666,6.210826211
2024,3,9.168,5.833333333333333,10.0
2024,3,9.168,6.833333333333333,7.137254902
2024,3,8.334,4.666666666666667,6.374643874666667
2024,3,8.751,4.333333333333333,6.278431372666667
2024,3,9.585,5.666666666666667,7.682352941333334
2024,3,8.334,7.333333333333333,9.566666666666666
2024,3,7.918,4.833333333333333,8.380952381
2024,3,7.917,6.666666666666667,6.467236467333334
2024,3,8.334,4.833333333333333,5.2421652420000004
2024,3,10.002,7.166666666666667,7.826890756333333
2024,3,9.585,4.166666666666667,7.441394335666668
2024,3,7.917,4.166666666666667,8.999164578333334
2024,3,4.584,3.3333333333333335,4.707017544
2024,3,8.334,3.5,7.588638262333333
2024,3,10.002,6.166666666666667,9.266666666666667
2024,3,9.585,4.333333333333333,5.222222222
2024,3,8.334,4.666666666666667,6.152715121333333
2024,3,8.334,3.6666666666666665,6.377276524666667
2024,3,7.917,4.0,8.715873016
2024,3,7.917,3.8333333333333335,5.278195488666667
2024,3,8.334,8.5,9.133333333333333
2024,3,9.585,3.5,4.7710437709999995
2024,3,8.751,4.0,3.7396825396666666
2024,3,9.585,3.1666666666666665,9.743589743666666
2024,3,9.168,3.5,5.565079365
2024,3,9.585,4.0,9.149206349333333
2024,3,8.334,4.333333333333333,9.003921568666668
2024,3,6.666,4.0,9.629629629666667
2024,3,8.751,3.6666666666666665,6.004481792666667
2024,3,8.751,1.6666666666666667,4.547899159666667
2024,3,8.751,5.166666666666667,9.537254901999999
2024,3,7.083,6.5,9.382456140333334
2024,3,7.501,6.833333333333333,10.0
2024,3,9.168,4.166666666666667,5.978431372666667
2024,3,8.751,7.5,9.6
2024,3,8.334,3.0,10.0
2024,3,8.751,4.5,9.182446312
2024,3,7.083,8.0,5.733333333333333
2024,3,9.168,8.5,9.241269841333333
2024,3,8.334,4.0,7.3999999999999995
2024,3,9.168,7.833333333333333,9.833333333333334
2024,3,9.585,5.333333333333333,3.380451127666667
2024,3,7.917,4.0,5.222222222333333
2024,3,8.751,4.5,6.111111111
2024,3,9.585,6.833333333333333,9.700000000000001
2024,3,7.084,5.5,5.061904762
2024,3,9.585,4.666666666666667,7.155555555666666
2024,3,9.168,4.5,9.841269841333334
2024,3,7.5,3.8333333333333335,3.087719298333333
2024,3,8.751,6.0,8.914285714
2024,3,9.585,7.0,8.916666666666666
2024,3,9.585,8.666666666666666,9.441269841333334
2024,3,8.334,2.5,3.9841269843333333
2024,4,8.334,6.0,10.0
2024,4,9.168,5.5,8.705360238666666
2024,4,9.168,9.333333333333334,8.973112128333334
2024,4,7.5,8.166666666666666,7.155537064000001
2024,4,9.168,8.166666666666666,9.407894737
2024,4,7.917,4.666666666666667,5.2929755216666665
2024,4,9.585,7.0,7.605358505000001
2024,4,9.168,8.166666666666666,9.206349206333334
2024,4,8.751,8.5,9.702380952333334
2024,4,7.917,7.5,9.249011857666666
2024,4,8.334,7.166666666666667,7.554824561666667
2024,4,9.585,9.0,9.174603174666666
2024,4,7.5,5.833333333333333,5.512100409000001
2024,4,8.751,7.666666666666667,9.673046251999999
2024,4,7.918,5.666666666666667,7.885292942666666
2024,4,9.168,6.833333333333333,7.441643324
2024,4,9.585,1.0,5.414731682
2024,4,8.334,3.1666666666666665,4.453748006333333
2024,4,6.25,0.5,8.666666666666666
2024,4,9.168,5.0,7.268170426
2024,4,8.751,7.0,8.305555555666666
2024,4,8.334,2.1666666666666665,4.942067736333334
2024,4,0.0,5.5,8.102240896333333
2024,4,9.168,6.5,9.247219355666667
2024,4,8.334,8.166666666666666,8.771043771
2024,4,8.334,5.333333333333333,6.656346749333334
2024,4,9.168,8.166666666666666,7.493464052333334
2024,4,0.0,4.333333333333333,8.306595365666666
2024,4,9.168,7.5,6.827094474333333
2024,4,6.666,2.1666666666666665,7.111111111333334
2024,4,9.585,8.333333333333334,7.542087542
2024,4,8.334,5.666666666666667,9.111111111333335
2024,4,9.168,7.5,9.841269841333334
2024,4,8.334,6.833333333333333,6.481481481666667
2024,4,9.168,5.0,6.120448179333334
2024,4,8.751,7.333333333333333,8.399470899666667
2024,4,7.5,9.0,9.722222222333334
2024,4,9.168,5.333333333333333,8.624338624
2024,4,6.667,8.833333333333334,9.523809523666666
2024,4,8.751,4.5,7.728174603333334
2024,4,8.334,6.666666666666667,9.523809523666666
2024,4,8.751,7.833333333333333,9.537037037
2024,4,9.168,5.5,7.162698412666667
2024,4,10.002,4.333333333333333,4.993386243333333
2024,4,9.168,4.5,7.890668700666666
2024,4,7.083,5.0,6.645021645
2024,4,8.751,6.666666666666667,6.361737677333333
2024,4,9.168,3.0,6.324561403666666
2024,4,9.168,5.833333333333333,8.600288600333334
2024,4,8.334,4.666666666666667,8.888888889
2024,4,7.5,7.5,8.607503607333333
2024,4,7.5,2.0,7.821067821
2024,4,8.334,7.333333333333333,6.761695906666667
2024,4,7.5,4.333333333333333,6.349206349
2024,4,8.751,7.0,9.674603174666666
2024,4,8.751,4.333333333333333,6.921693121666666
2024,4,7.917,4.166666666666667,4.854560643666667
2024,4,8.751,7.166666666666667,9.090261886999999
2024,4,8.751,6.166666666666667,9.049953314666666
2024,4,9.168,5.166666666666667,7.698412698333333
2024,4,9.168,9.166666666666666,9.629629629666667
2024,4,8.334,6.333333333333333,7.834844760666667
2024,4,8.334,4.5,8.069444444333334
2024,4,7.917,8.166666666666666,7.753623188333333
2024,4,8.751,7.5,8.954191033333332
2024,4,7.917,4.833333333333333,7.9050567596666665
2024,4,8.334,5.5,9.153439153333332
2024,4,8.751,4.833333333333333,9.666666666666666
2024,4,7.917,6.833333333333333,9.140350877333333
2024,4,10.002,4.0,6.775210084333334
2024,4,7.501,5.5,10.0
2024,4,10.002,5.666666666666667,6.128654970666666
2024,4,9.585,3.3333333333333335,8.011695906666667
2024,4,8.334,8.833333333333334,8.401559454333333
2024,4,8.334,3.6666666666666665,7.614522417333333
2024,4,9.168,3.75,10.0
2024,4,7.917,4.0,8.640618640666666
2024,4,8.334,3.3333333333333335,9.616228070333333
2024,4,8.751,4.0,7.763157895
2024,4,7.083,4.833333333333333,9.148148147999999
2024,4,8.334,7.333333333333333,8.456140351
2024,4,9.168,5.0,8.898245614
2024,4,0.0,6.833333333333333,5.918518518666667
2024,4,8.334,5.0,5.9151960783333335
2024,4,9.168,9.0,7.4947368423333325
2024,4,8.334,7.833333333333333,9.824561403666666
2024,4,7.5,4.166666666666667,3.074074074
2024,4,0.0,2.5,6.259259259333334
2024,4,7.917,5.666666666666667,9.135672514666666
2024,4,0.0,5.5,7.027568922333333
2024,4,8.751,8.0,8.972709551666666
2024,4,8.751,5.666666666666667,3.9520467836666664
2024,4,8.751,9.333333333333334,10.0
2024,4,7.083,8.166666666666666,9.382456140666667
2024,4,8.334,4.0,9.557894737
2024,4,8.334,6.333333333333333,8.498245614
2024,4,10.002,9.0,10.0
2024,4,7.917,8.666666666666666,8.267770876333332
2024,4,7.083,3.5,6.430976431
2024,4,9.168,4.5,7.323153899
2024,4,7.917,5.5,6.854727398333334
2024,4,8.334,8.666666666666666,8.743961352333335
2024,4,8.334,4.833333333333333,7.898550724666666
2024,4,8.751,6.666666666666667,9.540744978333334
2024,4,6.25,6.833333333333333,8.444444444333334
2024,4,6.249,6.5,4.868875086666667
2024,4,9.585,3.0,6.112836439
2024,4,8.751,8.0,9.761904762
2024,4,7.917,4.666666666666667,8.454106280333333
2024,4,9.585,3.6666666666666665,6.633138401666667
2024,4,8.334,2.3333333333333335,7.949735449666666
2024,4,8.751,3.3333333333333335,10.0
2024,4,9.168,8.0,8.5
2024,4,7.5,2.8333333333333335,8.412698412666666
2024,4,8.334,7.5,7.230158729999999
2024,5,8.334,4.5,7.535353535666666
2024,5,8.334,7.833333333333333,8.917748917666666
2024,5,8.334,9.166666666666666,9.603174603333335
2024,5,9.585,4.166666666666667,8.739177489333334
2024,5,7.5,3.3333333333333335,6.0634920633333325
2024,5,9.168,8.5,9.431818181666666
2024,5,7.5,4.333333333333333,8.737373737333334
2024,5,8.751,8.833333333333334,8.152958153
2024,5,9.585,7.0,9.379509379666667
2024,5,8.751,3.5,9.458874459
2024,5,9.168,8.5,9.696969697
2024,5,10.002,8.166666666666666,10.0
2024,5,8.751,7.833333333333333,9.488636363666666
2024,5,7.917,4.166666666666667,4.164756812
2024,5,7.084,5.666666666666667,6.455627705333334
2024,5,9.585,7.5,8.857142857
2024,5,8.751,5.0,8.349567099333333
2024,5,8.334,7.166666666666667,6.363636363666667
2024,5,8.751,6.833333333333333,8.198051948
2024,5,7.917,7.166666666666667,9.640151515
2024,5,9.168,3.8333333333333335,5.036075036
2024,5,8.334,6.5,9.666666666666666
2024,5,9.168,8.333333333333334,9.488636363666666
2024,5,8.751,5.666666666666667,8.425925926
2024,5,8.751,6.5,7.0
2024,5,9.585,8.833333333333334,9.545454545333333
2024,5,7.917,7.166666666666667,8.782407407333332
2024,5,7.5,8.333333333333334,9.259259258999998
2024,5,9.168,8.5,7.777777778
2024,5,8.751,7.0,9.848484848333333
2024,5,7.5,7.833333333333333,9.682539682666667
2024,5,8.751,8.0,9.689754689666666
2024,5,7.5,8.333333333333334,9.848484848333333
2024,5,9.585,8.833333333333334,9.841269841333334
2024,5,8.334,7.5,7.880952381
2024,5,8.751,9.166666666666666,9.682539682666667
2024,5,8.751,7.333333333333333,9.824561403666666
2024,5,8.751,9.333333333333334,9.514316093333333
2024,5,7.5,9.0,8.571428571333334
2024,5,8.751,8.333333333333334,9.682539682666667
2024,5,9.585,3.8333333333333335,4.104378593666667
2024,5,0.0,2.5,5.0694444443333335
2024,5,7.5,4.666666666666667,7.9949874686666655
2024,5,8.751,8.166666666666666,8.696741854666667
2024,5,8.334,2.5,5.148148148
2024,5,5.833,0.0,6.222222222333333
2024,5,8.751,5.0,7.199074074333335
2024,5,9.168,5.833333333333333,9.665831245
2024,5,8.751,7.666666666666667,9.689754689666666
2024,5,8.334,6.166666666666667,9.277056277
2024,5,8.751,5.0,9.444444444666667
2024,5,8.334,6.0,9.666666666666666
2024,5,9.585,6.833333333333333,7.582972583
2024,5,6.666,7.666666666666667,8.658008657666668
2024,5,9.585,5.833333333333333,8.751803751666666
2024,5,9.168,5.166666666666667,7.753697970666667
2024,5,7.083,4.5,8.361426442
2024,5,6.666,6.166666666666667,8.523809523666666
2024,5,9.168,7.0,10.0
2024,5,8.334,3.0,7.1428571430000005
2024,5,7.5,9.5,10.0
2024,5,10.002,2.0,8.285533910333333
2024,5,9.585,7.666666666666667,8.672360248333332
2024,5,8.751,6.666666666666667,7.063851181666667
2024,5,7.5,5.166666666666667,7.337719298333333
2024,5,7.917,4.666666666666667,9.129629629666667
2024,5,8.334,9.333333333333334,9.648148147999999
2024,5,9.585,5.833333333333333,9.024122807
2024,5,8.334,5.666666666666667,7.416666666666667
2024,5,8.751,4.0,7.965686274666666
2024,5,7.5,6.5,6.574494949666668
2024,5,9.585,5.666666666666667,8.084795321666666
2024,5,7.5,8.5,9.431042884999998
2024,5,7.917,8.333333333333334,9.833333333333334
2024,5,8.334,6.166666666666667,8.436274509666667
2024,5,9.168,7.333333333333333,8.958333333333334
2024,5,9.168,8.0,10.0
2024,5,6.666,3.1666666666666665,4.031862745000001
2024,5,9.168,6.666666666666667,10.0
2024,5,8.334,5.333333333333333,6.581140350999999
2024,5,0.0,3.25,5.571428571333333
2024,5,8.334,4.0,7.796296296333334
2024,5,7.917,2.8333333333333335,7.699561403666666
2024,5,8.334,6.333333333333333,7.908496732000001
2024,5,7.083,6.5,8.714912280666667
2024,5,7.501,4.25,9.259259259333334
2024,5,8.751,8.166666666666666,8.963768115999999
2024,5,8.751,4.5,8.612836439
2024,5,8.334,9.666666666666666,10.0
2024,5,8.751,5.166666666666667,6.666666666666667
2024,5,7.917,7.166666666666667,9.534706331
2024,5,9.585,6.166666666666667,9.855072463666666
2024,5,7.917,1.5,7.099419478000001
2024,5,9.168,9.333333333333334,9.855072463666666
2024,5,8.334,7.666666666666667,8.668046928999999
2024,5,9.168,9.333333333333334,10.0
2024,5,7.917,8.333333333333334,10.0
2024,5,7.917,9.333333333333334,9.855072463666666
2024,5,8.751,9.0,9.523809523666666
2024,5,8.334,9.666666666666666,10.0
2024,6,8.334,8.333333333333334,8.380952380666665
2024,6,9.168,8.166666666666666,9.682539682666667
2024,6,9.168,6.0,8.518518518666667
2024,6,9.168,5.666666666666667,8.761904762
2024,6,7.5,7.166666666666667,8.412698412666666
2024,6,8.334,6.166666666666667,5.6428571430000005
2024,6,7.917,7.5,9.460317460333334
2024,6,7.5,4.333333333333333,7.112887113
2024,6,8.751,7.333333333333333,9.696969697
2024,6,7.083,7.833333333333333,7.777777777666667
2024,6,8.334,5.833333333333333,8.509823509666667
2024,6,7.083,8.0,7.978174603333333
2024,6,9.585,7.25,8.645502645666667
2024,6,10.002,7.333333333333333,7.476190476333334
2024,6,8.751,8.166666666666666,9.473684210666667
2024,6,9.168,9.0,9.649122807
2024,6,10.002,8.0,9.666666666666666
2024,6,9.168,7.5,9.333333333333334
2024,6,8.334,7.333333333333333,9.833333333333334
2024,6,7.5,8.333333333333334,7.833333333333333
2024,6,7.083,7.666666666666667,8.555555555666666
2024,6,9.585,7.166666666666667,10.0
2024,6,9.168,6.666666666666667,10.0
2024,6,9.585,5.5,10.0
2024,6,10.002,8.5,9.473684210666667
2024,7,8.751,7.0,7.8961292116666675
2024,7,7.083,5.333333333333333,7.211257310000001
2024,7,10.002,8.0,9.081527348
2024,7,10.002,7.5,8.769145085
2024,7,7.5,8.0,9.619047619
2024,7,10.002,7.666666666666667,9.265350877333333
2024,7,9.585,6.166666666666667,6.010860484333333
2024,7,9.585,7.333333333333333,9.824561403666666
2024,7,8.751,7.5,8.028404344
2024,7,8.751,9.166666666666666,9.649122807
2024,7,10.002,8.166666666666666,8.980785296666667
2024,7,7.917,7.5,8.339076859
2024,7,7.917,0.0,0.0
2024,7,10.002,8.066666666666666,9.0
2024,7,9.168,8.200000000000001,9.6
2024,7,9.168,0.0,0.0
2024,7,10.002,7.066666666666666,9.0
2024,7,8.751,0.0,0.0
2024,7,8.334,6.066666666666666,9.0
2024,7,9.168,7.483333333333333,9.931666667
2024,7,7.083,7.366666666666667,9.983333333
2024,7,10.002,6.816666666666667,9.891666667
2024,7,9.585,7.650000000000001,9.621
2024,7,8.751,7.216666666666666,9.437666667
2024,7,8.751,0.0,0.0
2024,7,9.168,8.033333333333333,9.953333333
2024,7,8.334,0.0,0.0
2024,7,8.751,0.0,0.0
2024,7,9.168,0.0,0.0
2024,7,9.585,8.9,9.546
2024,7,8.334,6.8999999999999995,9.741666667
2024,7,8.751,6.933333333333334,9.8
2024,7,8.751,6.166666666666667,9.737666667
2024,7,6.667,5.483333333333333,9.704333333
2024,7,10.002,2.6333333333333333,9.92
2024,7,8.334,8.266666666666667,9.246
2024,7,7.5,6.3999999999999995,9.571
