RA,ra_num,ano_base,Fase_num,IAN,IPP
RA-861,861,2023,,10.0,8.4375
RA-862,862,2023,,5.0,7.5
RA-863,863,2023,,10.0,5.9375
RA-864,864,2023,,10.0,7.5
RA-865,865,2023,,10.0,7.5
RA-866,866,2023,,10.0,7.5
RA-867,867,2023,,10.0,7.5
RA-868,868,2023,,10.0,7.1875
RA-869,869,2023,,10.0,8.125
RA-870,870,2023,,5.0,5.0
RA-871,871,2023,,5.0,4.375
RA-872,872,2023,,5.0,6.25
RA-873,873,2023,,5.0,6.25
RA-874,874,2023,,5.0,6.25
RA-875,875,2023,,5.0,7.5
RA-876,876,2023,,10.0,7.5
RA-877,877,2023,,5.0,5.0
RA-878,878,2023,,5.0,5.0
RA-879,879,2023,,5.0,6.875
RA-880,880,2023,,10.0,6.25
RA-881,881,2023,,10.0,5.0
RA-882,882,2023,,10.0,3.75
RA-883,883,2023,,10.0,6.25
RA-884,884,2023,,10.0,6.875
RA-885,885,2023,,10.0,7.5
RA-886,886,2023,,10.0,7.5
RA-887,887,2023,,10.0,7.5
RA-888,888,2023,,10.0,7.5
RA-889,889,2023,,10.0,7.5
RA-890,890,2023,,10.0,6.25
RA-891,891,2023,,5.0,7.5
RA-684,684,2023,,10.0,6.875
RA-892,892,2023,,10.0,7.5
RA-857,857,2023,,5.0,7.5
RA-893,893,2023,,5.0,7.5
RA-894,894,2023,,5.0,7.5
RA-690,690,2023,,5.0,7.5
RA-895,895,2023,,10.0,6.875
RA-896,896,2023,,10.0,7.5
RA-693,693,2023,,10.0,7.5
RA-675,675,2023,,10.0,6.875
RA-850,850,2023,,5.0,6.5625
RA-897,897,2023,,5.0,6.5625
RA-842,842,2023,,5.0,5.625
RA-898,898,2023,,5.0,8.125
RA-899,899,2023,,10.0,7.5
RA-900,900,2023,,10.0,8.125
RA-846,846,2023,,10.0,5.625
RA-901,901,2023,,5.0,6.25
RA-743,743,2023,,5.0,7.5
RA-681,681,2023,,5.0,5.625
RA-902,902,2023,,2.5,5.3125
RA-903,903,2023,,10.0,7.5
RA-851,851,2023,,5.0,5.625
RA-847,847,2023,,5.0,5.0
RA-904,904,2023,,10.0,7.8125
RA-858,858,2023,,10.0,8.125
RA-905,905,2023,,5.0,6.875
RA-702,702,2023,,5.0,7.5
RA-725,725,2023,,5.0,8.125
RA-906,906,2023,,10.0,7.5
RA-907,907,2023,,10.0,8.125
RA-908,908,2023,,10.0,8.125
RA-909,909,2023,,5.0,8.125
RA-708,708,2023,,5.0,8.125
RA-910,910,2023,,10.0,8.75
RA-671,671,2023,,5.0,5.625
RA-836,836,2023,,5.0,6.875
RA-911,911,2023,,5.0,5.3125
RA-860,860,2023,,10.0,7.5
RA-727,727,2023,,5.0,7.5
RA-739,739,2023,,5.0,6.25
RA-740,740,2023,,5.0,6.875
RA-912,912,2023,,5.0,5.625
RA-706,706,2023,,5.0,6.875
RA-840,840,2023,,5.0,7.5
RA-841,841,2023,,5.0,7.5
RA-709,709,2023,,5.0,5.625
RA-913,913,2023,,5.0,6.25
RA-726,726,2023,,10.0,5.625
RA-914,914,2023,,10.0,6.25
RA-915,915,2023,,10.0,7.5
RA-916,916,2023,,5.0,6.25
RA-917,917,2023,,10.0,6.25
RA-918,918,2023,,10.0,5.625
RA-919,919,2023,,5.0,6.25
RA-920,920,2023,,10.0,5.625
RA-921,921,2023,,10.0,5.625
RA-922,922,2023,,10.0,7.5
RA-715,715,2023,,5.0,5.625
RA-822,822,2023,,5.0,5.625
RA-923,923,2023,,10.0,7.5
RA-742,742,2023,,5.0,7.5
RA-924,924,2023,,10.0,5.625
RA-925,925,2023,,10.0,5.625
RA-853,853,2023,,5.0,6.25
RA-854,854,2023,,10.0,5.625
RA-700,700,2023,,5.0,6.25
RA-701,701,2023,,5.0,6.25
RA-856,856,2023,,10.0,5.625
RA-672,672,2023,,5.0,5.625
RA-859,859,2023,,10.0,7.5
RA-704,704,2023,,5.0,5.625
RA-741,741,2023,,5.0,5.625
RA-719,719,2023,,5.0,5.625
RA-926,926,2023,,5.0,7.5
RA-927,927,2023,,5.0,7.5
RA-928,928,2023,,10.0,8.75
RA-929,929,2023,,10.0,8.75
RA-930,930,2023,,10.0,8.75
RA-931,931,2023,,10.0,5.625
RA-932,932,2023,,10.0,8.125
RA-933,933,2023,,10.0,8.75
RA-934,934,2023,,10.0,9.375
RA-935,935,2023,,5.0,9.375
RA-936,936,2023,,10.0,8.125
RA-937,937,2023,,10.0,9.375
RA-756,756,2023,,5.0,5.625
RA-938,938,2023,,5.0,6.25
RA-939,939,2023,,5.0,7.5
RA-789,789,2023,,10.0,7.5
RA-792,792,2023,,5.0,6.875
RA-940,940,2023,,5.0,6.25
RA-941,941,2023,,10.0,5.0
RA-942,942,2023,,5.0,5.625
RA-943,943,2023,,10.0,7.5
RA-782,782,2023,,5.0,7.5
RA-768,768,2023,,5.0,7.5
RA-794,794,2023,,5.0,7.5
RA-795,795,2023,,5.0,7.5
RA-944,944,2023,,5.0,5.625
RA-945,945,2023,,10.0,6.875
RA-946,946,2023,,10.0,7.5
RA-754,754,2023,,5.0,6.875
RA-947,947,2023,,10.0,4.375
RA-948,948,2023,,10.0,6.875
RA-949,949,2023,,10.0,6.25
RA-950,950,2023,,10.0,7.5
RA-773,773,2023,,5.0,5.625
RA-951,951,2023,,10.0,7.5
RA-769,769,2023,,5.0,7.8125
RA-952,952,2023,,10.0,7.1875
RA-826,826,2023,,5.0,7.8125
RA-953,953,2023,,10.0,6.5625
RA-954,954,2023,,10.0,7.1875
RA-780,780,2023,,5.0,8.75
RA-955,955,2023,,5.0,6.875
RA-831,831,2023,,5.0,7.8125
RA-783,783,2023,,5.0,7.5
RA-774,774,2023,,5.0,5.0
RA-748,748,2023,,5.0,7.5
RA-749,749,2023,,5.0,5.625
RA-956,956,2023,,5.0,7.5
RA-787,787,2023,,5.0,5.625
RA-957,957,2023,,10.0,7.5
RA-753,753,2023,,5.0,7.5
RA-958,958,2023,,10.0,7.5
RA-755,755,2023,,5.0,7.5
RA-763,763,2023,,5.0,6.875
RA-757,757,2023,,5.0,7.5
RA-959,959,2023,,10.0,6.875
RA-960,960,2023,,5.0,5.625
RA-961,961,2023,,5.0,5.3125
RA-962,962,2023,,5.0,7.5
RA-805,805,2023,,5.0,6.25
RA-806,806,2023,,5.0,6.875
RA-807,807,2023,,5.0,6.25
RA-963,963,2023,,5.0,7.5
RA-964,964,2023,,5.0,6.875
RA-965,965,2023,,5.0,5.0
RA-966,966,2023,,5.0,6.5625
RA-967,967,2023,,5.0,5.625
RA-968,968,2023,,5.0,7.5
RA-812,812,2023,,10.0,6.875
RA-969,969,2023,,10.0,6.25
RA-970,970,2023,,10.0,9.375
RA-971,971,2023,,10.0,5.625
RA-972,972,2023,,10.0,6.875
RA-973,973,2023,,5.0,7.1875
RA-974,974,2023,,10.0,7.5
RA-975,975,2023,,10.0,5.625
RA-976,976,2023,,10.0,5.9375
RA-977,977,2023,,10.0,5.625
RA-978,978,2023,,10.0,5.625
RA-979,979,2023,,10.0,5.625
RA-980,980,2023,,10.0,5.625
RA-808,808,2023,,5.0,7.5
RA-981,981,2023,,10.0,5.625
RA-982,982,2023,,10.0,5.625
RA-983,983,2023,,10.0,6.25
RA-984,984,2023,,10.0,6.875
RA-985,985,2023,,10.0,5.625
RA-986,986,2023,,10.0,5.625
RA-987,987,2023,,10.0,6.875
RA-988,988,2023,,5.0,6.25
RA-989,989,2023,,5.0,7.5
RA-677,677,2023,,5.0,6.875
RA-990,990,2023,,5.0,7.5
RA-991,991,2023,,5.0,6.875
RA-992,992,2023,,5.0,5.0
RA-703,703,2023,,5.0,6.875
RA-993,993,2023,,10.0,7.5
RA-674,674,2023,,5.0,5.0
RA-994,994,2023,,10.0,5.625
RA-995,995,2023,,5.0,6.25
RA-996,996,2023,,5.0,7.5
RA-997,997,2023,,10.0,5.625
RA-998,998,2023,,5.0,7.5
RA-999,999,2023,,5.0,7.5
RA-750,750,2023,,5.0,4.375
RA-770,770,2023,,10.0,6.875
RA-771,771,2023,,10.0,6.25
RA-1000,1000,2023,,10.0,6.25
RA-830,830,2023,,5.0,6.25
RA-1001,1001,2023,,5.0,7.5
RA-1002,1002,2023,,5.0,6.25
RA-1003,1003,2023,,10.0,7.5
RA-835,835,2023,,10.0,6.875
RA-1004,1004,2023,,10.0,6.875
RA-1005,1005,2023,,10.0,7.5
RA-1006,1006,2023,,10.0,7.5
RA-705,705,2023,,5.0,7.5
RA-1007,1007,2023,,10.0,7.5
RA-1008,1008,2023,,10.0,5.9375
RA-729,729,2023,,5.0,6.5625
RA-1009,1009,2023,,10.0,7.5
RA-1010,1010,2023,,10.0,7.8125
RA-1011,1011,2023,,10.0,7.1875
RA-1012,1012,2023,,10.0,7.1875
RA-1013,1013,2023,,10.0,5.625
RA-1014,1014,2023,,10.0,7.5
RA-1015,1015,2023,1,5.0,7.34375
RA-734,734,2023,1,5.0,7.34375
RA-687,687,2023,1,5.0,7.5
RA-1016,1016,2023,1,5.0,7.34375
RA-1017,1017,2023,1,5.0,7.5
RA-688,688,2023,1,5.0,7.5
RA-1018,1018,2023,1,10.0,7.5
RA-696,696,2023,1,10.0,7.5
RA-1019,1019,2023,1,10.0,6.875
RA-514,514,2023,1,5.0,5.0
RA-1020,1020,2023,1,10.0,7.1875
RA-1021,1021,2023,1,10.0,7.1875
RA-1022,1022,2023,1,10.0,7.1875
RA-1023,1023,2023,1,10.0,8.75
RA-699,699,2023,1,5.0,5.78125
RA-480,480,2023,1,5.0,7.96875
RA-678,678,2023,1,5.0,7.65625
RA-1024,1024,2023,1,5.0,9.21875
RA-502,502,2023,1,10.0,7.96875
RA-1025,1025,2023,1,10.0,7.65625
RA-680,680,2023,1,5.0,6.875
RA-1026,1026,2023,1,2.5,6.40625
RA-698,698,2023,1,10.0,7.1875
RA-533,533,2023,1,5.0,7.5
RA-504,504,2023,1,10.0,7.5
RA-1027,1027,2023,1,5.0,7.5
RA-529,529,2023,1,5.0,5.78125
RA-1028,1028,2023,1,5.0,7.34375
RA-686,686,2023,1,5.0,7.5
RA-1029,1029,2023,1,10.0,7.5
RA-1030,1030,2023,1,5.0,6.875
RA-522,522,2023,1,5.0,7.083333333
RA-501,501,2023,1,5.0,8.541666667
RA-692,692,2023,1,5.0,6.666666667
RA-527,527,2023,1,5.0,7.5
RA-1031,1031,2023,1,5.0,6.666666667
RA-1032,1032,2023,1,5.0,7.291666667
RA-1033,1033,2023,1,5.0,8.125
RA-1034,1034,2023,1,5.0,8.333333333
RA-1035,1035,2023,1,10.0,7.708333333
RA-730,730,2023,1,5.0,9.53125
RA-855,855,2023,1,10.0,8.4375
RA-820,820,2023,1,5.0,9.0625
RA-738,738,2023,1,10.0,8.4375
RA-1036,1036,2023,1,5.0,9.0625
RA-1037,1037,2023,1,5.0,8.59375
RA-576,576,2023,1,5.0,9.21875
RA-1038,1038,2023,1,5.0,8.90625
RA-1039,1039,2023,1,5.0,8.125
RA-1040,1040,2023,1,5.0,7.8125
RA-1041,1041,2023,1,5.0,7.8125
RA-733,733,2023,1,10.0,8.333333333
RA-837,837,2023,1,10.0,7.916666667
RA-519,519,2023,1,5.0,7.708333333
RA-521,521,2023,1,5.0,7.083333333
RA-1042,1042,2023,1,5.0,7.708333333
RA-713,713,2023,1,5.0,6.875
RA-736,736,2023,1,5.0,7.708333333
RA-1043,1043,2023,1,5.0,7.708333333
RA-716,716,2023,1,5.0,6.875
RA-1044,1044,2023,1,5.0,7.5
RA-745,745,2023,1,5.0,8.125
RA-717,717,2023,1,5.0,8.125
RA-718,718,2023,1,10.0,7.916666667
RA-721,721,2023,1,10.0,8.125
RA-746,746,2023,1,10.0,6.875
RA-1045,1045,2023,1,5.0,7.708333333
RA-483,483,2023,1,5.0,7.916666667
RA-1046,1046,2023,1,10.0,8.541666667
RA-1047,1047,2023,1,10.0,8.125
RA-570,570,2023,1,5.0,8.125
RA-1048,1048,2023,1,5.0,8.541666667
RA-1049,1049,2023,1,5.0,8.125
RA-1050,1050,2023,1,5.0,8.125
RA-1051,1051,2023,1,10.0,8.75
RA-707,707,2023,1,5.0,7.916666667
RA-1052,1052,2023,1,10.0,7.916666667
RA-580,580,2023,1,5.0,8.75
RA-581,581,2023,1,5.0,6.458333333
RA-735,735,2023,1,5.0,8.333333333
RA-710,710,2023,1,5.0,7.083333333
RA-712,712,2023,1,5.0,7.5
RA-549,549,2023,1,5.0,6.875
RA-679,679,2023,1,5.0,6.875
RA-571,571,2023,1,5.0,7.291666667
RA-714,714,2023,1,5.0,7.5
RA-737,737,2023,1,10.0,7.291666667
RA-577,577,2023,1,5.0,6.875
RA-1053,1053,2023,1,10.0,8.958333333
RA-731,731,2023,1,5.0,7.5
RA-552,552,2023,1,5.0,6.666666667
RA-1054,1054,2023,1,5.0,7.5
RA-1055,1055,2023,1,5.0,7.291666667
RA-597,597,2023,1,5.0,9.0625
RA-624,624,2023,1,5.0,8.90625
RA-776,776,2023,1,5.0,7.8125
RA-600,600,2023,1,5.0,8.28125
RA-1056,1056,2023,1,10.0,7.96875
RA-791,791,2023,1,5.0,7.8125
RA-601,601,2023,1,10.0,9.0625
RA-762,762,2023,1,5.0,7.8125
RA-778,778,2023,1,5.0,8.90625
RA-628,628,2023,1,5.0,8.28125
RA-606,606,2023,1,5.0,7.65625
RA-766,766,2023,1,5.0,9.21875
RA-607,607,2023,1,5.0,7.96875
RA-608,608,2023,1,5.0,7.96875
RA-788,788,2023,1,10.0,7.65625
RA-784,784,2023,1,5.0,8.125
RA-785,785,2023,1,5.0,7.916666667
RA-587,587,2023,1,5.0,6.458333333
RA-790,790,2023,1,5.0,7.083333333
RA-663,663,2023,1,5.0,6.666666667
RA-664,664,2023,1,5.0,7.916666667
RA-761,761,2023,1,5.0,8.333333333
RA-1057,1057,2023,1,10.0,8.125
RA-629,629,2023,1,5.0,7.916666667
RA-832,832,2023,1,5.0,7.708333333
RA-594,594,2023,1,5.0,6.875
RA-617,617,2023,1,5.0,7.708333333
RA-767,767,2023,1,5.0,7.291666667
RA-1058,1058,2023,1,10.0,7.083333333
RA-747,747,2023,1,5.0,6.041666667
RA-827,827,2023,1,5.0,8.28125
RA-1059,1059,2023,1,5.0,7.96875
RA-612,612,2023,1,5.0,9.0625
RA-1060,1060,2023,1,5.0,7.96875
RA-665,665,2023,1,5.0,8.28125
RA-829,829,2023,1,10.0,9.21875
RA-1061,1061,2023,1,5.0,8.75
RA-1062,1062,2023,1,10.0,8.59375
RA-615,615,2023,1,5.0,8.28125
RA-833,833,2023,1,5.0,8.4375
RA-630,630,2023,1,5.0,8.28125
RA-752,752,2023,1,5.0,7.65625
RA-777,777,2023,1,10.0,8.28125
RA-1063,1063,2023,1,5.0,6.40625
RA-764,764,2023,1,10.0,8.28125
RA-1064,1064,2023,1,5.0,9.375
RA-1065,1065,2023,1,5.0,8.4375
RA-772,772,2023,1,5.0,6.875
RA-781,781,2023,1,5.0,8.4375
RA-1066,1066,2023,1,5.0,8.4375
RA-1067,1067,2023,1,5.0,8.28125
RA-834,834,2023,1,5.0,9.6875
RA-722,722,2023,1,5.0,8.125
RA-1068,1068,2023,1,5.0,9.166666667
RA-796,796,2023,1,5.0,7.083333333
RA-1069,1069,2023,1,5.0,8.125
RA-797,797,2023,1,5.0,6.041666667
RA-647,647,2023,1,5.0,7.708333333
RA-814,814,2023,1,5.0,8.333333333
RA-652,652,2023,1,5.0,8.125
RA-816,816,2023,1,5.0,9.583333333
RA-640,640,2023,1,5.0,7.291666667
RA-810,810,2023,1,10.0,5.833333333
RA-643,643,2023,1,5.0,6.041666667
RA-819,819,2023,1,10.0,8.541666667
RA-1070,1070,2023,1,5.0,7.708333333
RA-813,813,2023,1,10.0,8.125
RA-636,636,2023,1,5.0,8.333333333
RA-798,798,2023,1,5.0,6.458333333
RA-799,799,2023,1,5.0,8.333333333
RA-815,815,2023,1,5.0,6.875
RA-637,637,2023,1,5.0,8.333333333
RA-638,638,2023,1,5.0,8.333333333
RA-801,801,2023,1,10.0,6.875
RA-802,802,2023,1,5.0,8.333333333
RA-1071,1071,2023,1,5.0,5.625
RA-817,817,2023,1,10.0,8.125
RA-818,818,2023,1,10.0,8.125
RA-804,804,2023,1,5.0,5.833333333
RA-645,645,2023,1,5.0,8.125
RA-479,479,2023,2,10.0,9.791666667
RA-493,493,2023,2,10.0,8.541666667
RA-1072,1072,2023,2,10.0,8.125
RA-536,536,2023,2,10.0,8.333333333
RA-1073,1073,2023,2,5.0,8.333333333
RA-494,494,2023,2,5.0,7.708333333
RA-496,496,2023,2,5.0,7.916666667
RA-497,497,2023,2,5.0,6.25
RA-1074,1074,2023,2,5.0,7.083333333
RA-486,486,2023,2,10.0,7.5
RA-1075,1075,2023,2,5.0,7.708333333
RA-578,578,2023,2,10.0,9.791666667
RA-513,513,2023,2,10.0,8.541666667
RA-487,487,2023,2,10.0,9.166666667
RA-1076,1076,2023,2,5.0,8.333333333
RA-490,490,2023,2,10.0,8.541666667
RA-491,491,2023,2,10.0,7.708333333
RA-1077,1077,2023,2,10.0,8.75
RA-484,484,2023,2,5.0,5.416666667
RA-508,508,2023,2,10.0,8.333333333
RA-495,495,2023,2,5.0,8.541666667
RA-1078,1078,2023,2,5.0,8.958333333
RA-340,340,2023,2,5.0,9.166666667
RA-1079,1079,2023,2,5.0,7.083333333
RA-1080,1080,2023,2,5.0,8.541666667
RA-1081,1081,2023,2,5.0,8.958333333
RA-1082,1082,2023,2,5.0,8.75
RA-1083,1083,2023,2,10.0,8.75
RA-531,531,2023,2,10.0,8.75
RA-1084,1084,2023,2,10.0,8.75
RA-516,516,2023,2,10.0,8.75
RA-348,348,2023,2,5.0,8.541666667
RA-1085,1085,2023,2,5.0,8.958333333
RA-1086,1086,2023,2,5.0,8.75
RA-1087,1087,2023,2,5.0,8.75
RA-509,509,2023,2,5.0,8.958333333
RA-499,499,2023,2,10.0,8.75
RA-500,500,2023,2,10.0,8.958333333
RA-1088,1088,2023,2,5.0,8.75
RA-1089,1089,2023,2,10.0,8.75
RA-1090,1090,2023,2,5.0,8.958333333
RA-503,503,2023,2,10.0,8.75
RA-1091,1091,2023,2,5.0,8.958333333
RA-1092,1092,2023,2,5.0,8.75
RA-1093,1093,2023,2,10.0,8.958333333
RA-1094,1094,2023,2,10.0,8.75
RA-1095,1095,2023,2,5.0,8.75
RA-324,324,2023,2,10.0,8.125
RA-350,350,2023,2,5.0,8.958333333
RA-517,517,2023,2,5.0,6.875
RA-325,325,2023,2,10.0,8.125
RA-518,518,2023,2,10.0,8.125
RA-530,530,2023,2,10.0,7.708333333
RA-524,524,2023,2,5.0,8.333333333
RA-1096,1096,2023,2,10.0,8.958333333
RA-526,526,2023,2,5.0,8.75
RA-528,528,2023,2,5.0,8.75
RA-534,534,2023,2,5.0,8.125
RA-1097,1097,2023,2,5.0,8.125
RA-1098,1098,2023,2,5.0,8.125
RA-506,506,2023,2,5.0,8.958333333
RA-1099,1099,2023,2,5.0,8.333333333
RA-1100,1100,2023,2,10.0,8.541666667
RA-1101,1101,2023,2,10.0,8.333333333
RA-1102,1102,2023,2,10.0,7.708333333
RA-363,363,2023,2,5.0,8.541666667
RA-1103,1103,2023,2,10.0,8.333333333
RA-539,539,2023,2,5.0,9.166666667
RA-540,540,2023,2,10.0,8.958333333
RA-574,574,2023,2,10.0,7.916666667
RA-369,369,2023,2,5.0,8.541666667
RA-375,375,2023,2,5.0,8.541666667
RA-376,376,2023,2,5.0,7.916666667
RA-535,535,2023,2,10.0,8.125
RA-547,547,2023,2,5.0,8.75
RA-548,548,2023,2,5.0,8.333333333
RA-538,538,2023,2,5.0,7.916666667
RA-365,365,2023,2,10.0,8.958333333
RA-559,559,2023,2,5.0,8.958333333
RA-1104,1104,2023,2,5.0,8.541666667
RA-563,563,2023,2,10.0,8.75
RA-573,573,2023,2,5.0,8.541666667
RA-551,551,2023,2,5.0,8.541666667
RA-566,566,2023,2,5.0,8.958333333
RA-555,555,2023,2,5.0,6.25
RA-373,373,2023,2,5.0,8.75
RA-1105,1105,2023,2,5.0,8.125
RA-546,546,2023,2,5.0,8.75
RA-557,557,2023,2,10.0,9.375
RA-1106,1106,2023,2,5.0,8.333333333
RA-558,558,2023,2,2.5,6.458333333
RA-560,560,2023,2,5.0,5.0
RA-1107,1107,2023,2,5.0,8.958333333
RA-1108,1108,2023,2,5.0,8.541666667
RA-542,542,2023,2,5.0,8.75
RA-543,543,2023,2,10.0,8.75
RA-556,556,2023,2,5.0,9.166666667
RA-1109,1109,2023,2,5.0,7.5
RA-389,389,2023,2,5.0,8.75
RA-1110,1110,2023,2,5.0,8.541666667
RA-568,568,2023,2,2.5,8.125
RA-562,562,2023,2,5.0,8.541666667
RA-1111,1111,2023,2,10.0,8.125
RA-1112,1112,2023,2,5.0,8.333333333
RA-525,525,2023,2,5.0,8.958333333
RA-357,357,2023,2,5.0,8.75
RA-583,583,2023,2,5.0,8.333333333
RA-584,584,2023,2,10.0,8.333333333
RA-586,586,2023,2,10.0,8.333333333
RA-1113,1113,2023,2,5.0,7.5
RA-413,413,2023,2,5.0,7.291666667
RA-599,599,2023,2,10.0,8.333333333
RA-1114,1114,2023,2,10.0,8.125
RA-401,401,2023,2,5.0,7.083333333
RA-1115,1115,2023,2,10.0,7.5
RA-1116,1116,2023,2,5.0,7.083333333
RA-604,604,2023,2,10.0,8.125
RA-605,605,2023,2,5.0,7.291666667
RA-668,668,2023,2,5.0,6.875
RA-1117,1117,2023,2,10.0,7.708333333
RA-1118,1118,2023,2,5.0,7.708333333
RA-610,610,2023,2,10.0,8.541666667
RA-409,409,2023,2,5.0,7.916666667
RA-466,466,2023,2,5.0,6.25
RA-760,760,2023,2,5.0,7.083333333
RA-404,404,2023,2,5.0,6.875
RA-590,590,2023,2,10.0,7.291666667
RA-469,469,2023,2,5.0,7.916666667
RA-1119,1119,2023,2,5.0,7.708333333
RA-1120,1120,2023,2,10.0,8.958333333
RA-472,472,2023,2,5.0,7.708333333
RA-1121,1121,2023,2,10.0,8.75
RA-1122,1122,2023,2,10.0,7.291666667
RA-438,438,2023,2,10.0,6.458333333
RA-408,408,2023,2,5.0,8.333333333
RA-1123,1123,2023,2,5.0,7.083333333
RA-1124,1124,2023,2,5.0,7.083333333
RA-623,623,2023,2,5.0,7.291666667
RA-661,661,2023,2,10.0,7.5
RA-626,626,2023,2,5.0,7.291666667
RA-433,433,2023,2,5.0,5.833333333
RA-614,614,2023,2,5.0,8.333333333
RA-434,434,2023,2,5.0,7.5
RA-603,603,2023,2,10.0,7.708333333
RA-436,436,2023,2,5.0,6.875
RA-616,616,2023,2,5.0,5.833333333
RA-437,437,2023,2,5.0,7.291666667
RA-1125,1125,2023,2,10.0,6.666666667
RA-619,619,2023,2,10.0,7.708333333
RA-620,620,2023,2,5.0,6.875
RA-1126,1126,2023,2,5.0,7.291666667
RA-1127,1127,2023,2,10.0,8.125
RA-1128,1128,2023,2,5.0,7.916666667
RA-1129,1129,2023,2,10.0,7.916666667
RA-1130,1130,2023,2,10.0,7.708333333
RA-1131,1131,2023,2,5.0,8.75
RA-1132,1132,2023,2,5.0,7.916666667
RA-1133,1133,2023,2,10.0,8.541666667
RA-1134,1134,2023,2,10.0,7.916666667
RA-618,618,2023,2,5.0,8.125
RA-631,631,2023,2,5.0,7.916666667
RA-646,646,2023,2,5.0,8.958333333
RA-451,451,2023,2,5.0,9.375
RA-1135,1135,2023,2,10.0,8.125
RA-649,649,2023,2,5.0,8.75
RA-651,651,2023,2,10.0,8.75
RA-1136,1136,2023,2,5.0,8.333333333
RA-653,653,2023,2,5.0,9.166666667
RA-456,456,2023,2,5.0,9.583333333
RA-655,655,2023,2,5.0,9.166666667
RA-656,656,2023,2,5.0,8.541666667
RA-657,657,2023,2,5.0,8.75
RA-644,644,2023,2,5.0,8.541666667
RA-461,461,2023,2,5.0,8.541666667
RA-632,632,2023,2,10.0,8.333333333
RA-633,633,2023,2,5.0,8.541666667
RA-1137,1137,2023,2,10.0,9.375
RA-1138,1138,2023,2,5.0,9.166666667
RA-1139,1139,2023,2,10.0,8.125
RA-1140,1140,2023,2,10.0,7.708333333
RA-445,445,2023,2,5.0,8.541666667
RA-1141,1141,2023,2,5.0,7.708333333
RA-639,639,2023,2,10.0,8.125
RA-1142,1142,2023,2,10.0,8.541666667
RA-642,642,2023,2,10.0,8.75
RA-658,658,2023,2,10.0,7.916666667
RA-588,588,2023,2,10.0,8.958333333
RA-662,662,2023,2,5.0,7.291666667
RA-403,403,2023,2,5.0,7.291666667
RA-591,591,2023,2,5.0,5.833333333
RA-592,592,2023,2,10.0,7.916666667
RA-602,602,2023,2,5.0,8.75
RA-666,666,2023,2,10.0,8.541666667
RA-667,667,2023,2,5.0,7.083333333
RA-422,422,2023,2,5.0,6.666666667
RA-595,595,2023,2,5.0,6.666666667
RA-423,423,2023,2,5.0,7.083333333
RA-669,669,2023,2,10.0,7.708333333
RA-670,670,2023,2,10.0,8.958333333
RA-609,609,2023,2,5.0,6.875
RA-326,326,2023,3,10.0,9.0625
RA-179,179,2023,3,10.0,8.59375
RA-1143,1143,2023,3,5.0,7.5
RA-330,330,2023,3,5.0,6.71875
RA-332,332,2023,3,5.0,8.28125
RA-199,199,2023,3,5.0,7.96875
RA-1144,1144,2023,3,10.0,8.28125
RA-352,352,2023,3,10.0,7.96875
RA-1145,1145,2023,3,10.0,8.59375
RA-1146,1146,2023,3,5.0,7.1875
RA-331,331,2023,3,10.0,7.03125
RA-227,227,2023,3,10.0,8.28125
RA-247,247,2023,3,10.0,8.28125
RA-343,343,2023,3,5.0,7.65625
RA-1147,1147,2023,3,5.0,7.1875
RA-345,345,2023,3,5.0,8.125
RA-336,336,2023,3,5.0,7.34375
RA-346,346,2023,3,10.0,7.96875
RA-1148,1148,2023,3,10.0,7.5
RA-1149,1149,2023,3,5.0,7.96875
RA-1150,1150,2023,3,2.5,7.96875
RA-1151,1151,2023,3,10.0,7.65625
RA-356,356,2023,3,10.0,6.09375
RA-1152,1152,2023,3,5.0,7.8125
RA-221,221,2023,3,5.0,7.1875
RA-359,359,2023,3,10.0,7.65625
RA-360,360,2023,3,10.0,7.34375
RA-338,338,2023,3,10.0,8.59375
RA-339,339,2023,3,10.0,7.8125
RA-353,353,2023,3,10.0,7.8125
RA-1153,1153,2023,3,5.0,7.65625
RA-183,183,2023,3,5.0,7.96875
RA-342,342,2023,3,5.0,7.96875
RA-187,187,2023,3,10.0,7.96875
RA-190,190,2023,3,5.0,7.65625
RA-347,347,2023,3,10.0,7.8125
RA-234,234,2023,3,10.0,4.84375
RA-1154,1154,2023,3,10.0,7.65625
RA-249,249,2023,3,5.0,5.15625
RA-380,380,2023,3,5.0,6.71875
RA-250,250,2023,3,10.0,7.96875
RA-367,367,2023,3,10.0,7.8125
RA-1155,1155,2023,3,5.0,7.5
RA-1156,1156,2023,3,10.0,7.96875
RA-368,368,2023,3,5.0,7.03125
RA-387,387,2023,3,5.0,6.875
RA-388,388,2023,3,5.0,6.875
RA-374,374,2023,3,10.0,7.65625
RA-377,377,2023,3,10.0,7.34375
RA-223,223,2023,3,5.0,7.5
RA-236,236,2023,3,10.0,7.1875
RA-362,362,2023,3,10.0,7.03125
RA-381,381,2023,3,5.0,7.34375
RA-364,364,2023,3,10.0,7.03125
RA-382,382,2023,3,5.0,7.5
RA-383,383,2023,3,10.0,7.5
RA-384,384,2023,3,10.0,7.65625
RA-1157,1157,2023,3,5.0,7.5
RA-386,386,2023,3,5.0,7.03125
RA-260,260,2023,3,10.0,7.34375
RA-390,390,2023,3,10.0,7.34375
RA-1158,1158,2023,3,5.0,7.5
RA-391,391,2023,3,10.0,7.5
RA-1159,1159,2023,3,10.0,7.1875
RA-392,392,2023,3,5.0,6.09375
RA-1160,1160,2023,3,10.0,6.875
RA-1161,1161,2023,3,10.0,8.28125
RA-395,395,2023,3,10.0,7.96875
RA-450,450,2023,3,5.0,7.65625
RA-463,463,2023,3,10.0,7.8125
RA-298,298,2023,3,5.0,7.5
RA-464,464,2023,3,5.0,7.96875
RA-465,465,2023,3,10.0,7.96875
RA-442,442,2023,3,10.0,7.5
RA-300,300,2023,3,5.0,6.40625
RA-467,467,2023,3,5.0,7.1875
RA-468,468,2023,3,5.0,7.34375
RA-1162,1162,2023,3,10.0,7.8125
RA-470,470,2023,3,5.0,7.5
RA-474,474,2023,3,5.0,7.1875
RA-476,476,2023,3,10.0,7.34375
RA-478,478,2023,3,10.0,7.1875
RA-410,410,2023,3,5.0,6.71875
RA-411,411,2023,3,10.0,7.8125
RA-412,412,2023,3,10.0,7.03125
RA-400,400,2023,3,5.0,7.65625
RA-414,414,2023,3,10.0,7.8125
RA-415,415,2023,3,10.0,7.8125
RA-1163,1163,2023,3,5.0,7.65625
RA-273,273,2023,3,5.0,7.8125
RA-471,471,2023,3,10.0,7.96875
RA-416,416,2023,3,10.0,8.28125
RA-417,417,2023,3,10.0,8.28125
RA-305,305,2023,3,5.0,7.65625
RA-418,418,2023,3,10.0,8.125
RA-419,419,2023,3,10.0,8.125
RA-421,421,2023,3,10.0,7.8125
RA-407,407,2023,3,5.0,7.8125
RA-425,425,2023,3,10.0,7.8125
RA-426,426,2023,3,5.0,7.65625
RA-430,430,2023,3,5.0,7.8125
RA-1164,1164,2023,3,10.0,7.65625
RA-1165,1165,2023,3,10.0,7.1875
RA-432,432,2023,3,5.0,7.8125
RA-303,303,2023,3,5.0,7.65625
RA-420,420,2023,3,10.0,7.65625
RA-1166,1166,2023,3,5.0,7.65625
RA-1167,1167,2023,3,2.5,7.65625
RA-424,424,2023,3,10.0,7.8125
RA-398,398,2023,3,10.0,7.5
RA-399,399,2023,3,10.0,7.5
RA-428,428,2023,3,10.0,7.8125
RA-315,315,2023,3,5.0,7.96875
RA-402,402,2023,3,10.0,7.8125
RA-1168,1168,2023,3,10.0,7.65625
RA-613,613,2023,3,5.0,6.71875
RA-304,304,2023,3,5.0,7.8125
RA-457,457,2023,3,10.0,8.125
RA-307,307,2023,3,5.0,7.5
RA-283,283,2023,3,5.0,7.03125
RA-459,459,2023,3,10.0,7.1875
RA-440,440,2023,3,10.0,7.96875
RA-443,443,2023,3,5.0,7.96875
RA-454,454,2023,3,5.0,4.6875
RA-444,444,2023,3,10.0,6.40625
RA-170,170,2023,3,5.0,6.875
RA-1169,1169,2023,3,5.0,7.03125
RA-458,458,2023,3,5.0,7.1875
RA-1170,1170,2023,3,5.0,7.1875
RA-1171,1171,2023,3,5.0,8.75
RA-449,449,2023,3,10.0,7.34375
RA-462,462,2023,3,5.0,7.5
RA-176,176,2023,4,10.0,8.125
RA-178,178,2023,4,10.0,7.65625
RA-193,193,2023,4,10.0,8.125
RA-1172,1172,2023,4,5.0,8.59375
RA-180,180,2023,4,10.0,8.4375
RA-181,181,2023,4,10.0,7.96875
RA-195,195,2023,4,10.0,8.4375
RA-196,196,2023,4,10.0,8.28125
RA-211,211,2023,4,10.0,7.65625
RA-197,197,2023,4,10.0,7.96875
RA-229,229,2023,4,10.0,8.28125
RA-186,186,2023,4,10.0,7.96875
RA-189,189,2023,4,10.0,8.28125
RA-191,191,2023,4,10.0,8.125
RA-1173,1173,2023,4,10.0,7.8125
RA-217,217,2023,4,5.0,8.4375
RA-1174,1174,2023,4,5.0,8.90625
RA-192,192,2023,4,5.0,7.1875
RA-184,184,2023,4,10.0,8.59375
RA-200,200,2023,4,5.0,7.5
RA-1175,1175,2023,4,2.5,7.65625
RA-204,204,2023,4,10.0,8.28125
RA-1176,1176,2023,4,10.0,9.6875
RA-1177,1177,2023,4,10.0,8.90625
RA-215,215,2023,4,10.0,7.96875
RA-1178,1178,2023,4,5.0,7.96875
RA-149,149,2023,4,5.0,7.5
RA-1179,1179,2023,4,5.0,6.875
RA-218,218,2023,4,5.0,7.96875
RA-220,220,2023,4,10.0,7.1875
RA-202,202,2023,4,5.0,7.96875
RA-1180,1180,2023,4,5.0,7.1875
RA-1181,1181,2023,4,10.0,7.5
RA-1182,1182,2023,4,5.0,6.71875
RA-205,205,2023,4,5.0,7.03125
RA-1183,1183,2023,4,5.0,6.09375
RA-237,237,2023,4,5.0,8.125
RA-147,147,2023,4,5.0,6.875
RA-240,240,2023,4,10.0,6.875
RA-1184,1184,2023,4,5.0,8.125
RA-241,241,2023,4,5.0,8.75
RA-242,242,2023,4,10.0,8.59375
RA-138,138,2023,4,5.0,7.34375
RA-244,244,2023,4,10.0,8.125
RA-245,245,2023,4,5.0,8.75
RA-246,246,2023,4,10.0,8.125
RA-141,141,2023,4,5.0,7.03125
RA-239,239,2023,4,5.0,8.125
RA-1185,1185,2023,4,10.0,7.8125
RA-262,262,2023,4,5.0,7.03125
RA-1186,1186,2023,4,5.0,6.875
RA-397,397,2023,4,5.0,7.1875
RA-1187,1187,2023,4,10.0,7.34375
RA-145,145,2023,4,2.5,7.96875
RA-1188,1188,2023,4,5.0,7.8125
RA-265,265,2023,4,10.0,7.96875
RA-254,254,2023,4,5.0,7.8125
RA-267,267,2023,4,5.0,4.6875
RA-1189,1189,2023,4,5.0,7.8125
RA-295,295,2023,4,5.0,9.0625
RA-269,269,2023,4,10.0,8.59375
RA-313,313,2023,4,10.0,7.65625
RA-1190,1190,2023,4,10.0,7.34375
RA-301,301,2023,4,10.0,6.71875
RA-286,286,2023,4,5.0,8.125
RA-1191,1191,2023,4,10.0,5.0
RA-1192,1192,2023,4,5.0,7.96875
RA-174,174,2023,4,5.0,7.5
RA-1193,1193,2023,4,10.0,7.1875
RA-308,308,2023,4,10.0,7.03125
RA-152,152,2023,4,5.0,7.8125
RA-270,270,2023,4,10.0,8.75
RA-271,271,2023,4,5.0,8.125
RA-299,299,2023,4,10.0,7.96875
RA-316,316,2023,4,10.0,8.59375
RA-318,318,2023,4,5.0,7.96875
RA-274,274,2023,4,10.0,7.65625
RA-320,320,2023,4,10.0,8.59375
RA-277,277,2023,4,5.0,8.125
RA-278,278,2023,4,10.0,8.75
RA-291,291,2023,4,10.0,8.90625
RA-306,306,2023,4,5.0,7.34375
RA-279,279,2023,4,10.0,8.75
RA-280,280,2023,4,10.0,8.28125
RA-276,276,2023,4,10.0,7.03125
RA-285,285,2023,4,2.5,7.65625
RA-1194,1194,2023,4,10.0,7.5
RA-287,287,2023,4,2.5,4.21875
RA-319,319,2023,4,10.0,8.59375
RA-321,321,2023,4,10.0,8.125
RA-1195,1195,2023,4,2.5,8.28125
RA-159,159,2023,4,5.0,8.125
RA-322,322,2023,4,10.0,7.96875
RA-251,251,2023,4,5.0,7.34375
RA-116,116,2023,5,5.0,7.96875
RA-103,103,2023,5,10.0,8.125
RA-42,42,2023,5,5.0,6.5625
RA-121,121,2023,5,5.0,7.34375
RA-106,106,2023,5,10.0,7.03125
RA-123,123,2023,5,5.0,6.875
RA-46,46,2023,5,2.5,6.5625
RA-125,125,2023,5,5.0,8.125
RA-110,110,2023,5,10.0,8.75
RA-128,128,2023,5,5.0,7.34375
RA-143,143,2023,5,10.0,8.28125
RA-111,111,2023,5,10.0,7.65625
RA-112,112,2023,5,5.0,7.96875
RA-115,115,2023,5,5.0,7.34375
RA-1196,1196,2023,5,10.0,7.8125
RA-52,52,2023,5,10.0,8.125
RA-1197,1197,2023,5,5.0,7.03125
RA-108,108,2023,5,5.0,4.375
RA-1198,1198,2023,5,5.0,7.5
RA-127,127,2023,5,10.0,8.4375
RA-114,114,2023,5,5.0,7.5
RA-146,146,2023,5,5.0,8.4375
RA-1199,1199,2023,5,5.0,6.875
RA-70,70,2023,5,5.0,7.5
RA-107,107,2023,5,10.0,7.34375
RA-1200,1200,2023,5,10.0,7.5
RA-151,151,2023,5,5.0,8.59375
RA-85,85,2023,5,5.0,5.9375
RA-1201,1201,2023,5,10.0,8.59375
RA-131,131,2023,5,5.0,7.65625
RA-132,132,2023,5,10.0,7.65625
RA-133,133,2023,5,5.0,7.1875
RA-104,104,2023,5,2.5,5.625
RA-137,137,2023,5,5.0,6.40625
RA-144,144,2023,5,10.0,6.25
RA-1202,1202,2023,5,5.0,7.34375
RA-90,90,2023,5,10.0,8.59375
RA-167,167,2023,5,5.0,7.96875
RA-168,168,2023,5,10.0,6.5625
RA-1203,1203,2023,5,5.0,7.96875
RA-155,155,2023,5,5.0,7.03125
RA-94,94,2023,5,5.0,8.75
RA-81,81,2023,5,10.0,7.8125
RA-302,302,2023,5,5.0,7.5
RA-171,171,2023,5,5.0,7.1875
RA-160,160,2023,5,5.0,8.125
RA-1204,1204,2023,5,5.0,7.8125
RA-1205,1205,2023,5,2.5,7.5
RA-173,173,2023,5,5.0,8.125
RA-166,166,2023,5,10.0,8.4375
RA-175,175,2023,5,5.0,7.1875
RA-153,153,2023,5,10.0,8.125
RA-1206,1206,2023,5,5.0,7.8125
RA-157,157,2023,5,10.0,8.59375
RA-1207,1207,2023,5,10.0,7.8125
RA-1208,1208,2023,5,10.0,6.875
RA-1209,1209,2023,5,5.0,7.8125
RA-158,158,2023,5,10.0,8.28125
RA-161,161,2023,5,10.0,8.125
RA-164,164,2023,5,5.0,6.875
RA-1210,1210,2023,5,5.0,7.8125
RA-165,165,2023,5,10.0,8.125
RA-1211,1211,2023,5,5.0,7.8125
RA-1212,1212,2023,5,5.0,7.65625
RA-1213,1213,2023,5,5.0,7.8125
RA-40,40,2023,6,5.0,7.96875
RA-1214,1214,2023,6,10.0,7.5
RA-71,71,2023,6,5.0,7.5
RA-53,53,2023,6,5.0,7.5
RA-43,43,2023,6,5.0,7.5
RA-55,55,2023,6,5.0,7.5
RA-44,44,2023,6,5.0,7.5
RA-1215,1215,2023,6,10.0,7.5
RA-45,45,2023,6,10.0,8.28125
RA-56,56,2023,6,10.0,8.125
RA-57,57,2023,6,5.0,7.96875
RA-58,58,2023,6,10.0,8.4375
RA-59,59,2023,6,5.0,8.28125
RA-1216,1216,2023,6,5.0,7.5
RA-78,78,2023,6,5.0,8.28125
RA-79,79,2023,6,5.0,7.8125
RA-61,61,2023,6,10.0,7.96875
RA-63,63,2023,6,5.0,8.75
RA-64,64,2023,6,5.0,7.34375
RA-48,48,2023,6,10.0,7.65625
RA-109,109,2023,6,5.0,8.75
RA-80,80,2023,6,5.0,7.96875
RA-91,91,2023,6,5.0,7.8125
RA-1217,1217,2023,6,5.0,7.65625
RA-92,92,2023,6,5.0,7.1875
RA-96,96,2023,6,5.0,7.65625
RA-1218,1218,2023,6,5.0,7.5
RA-1219,1219,2023,6,10.0,7.34375
RA-1220,1220,2023,6,5.0,7.8125
RA-84,84,2023,6,5.0,7.8125
RA-99,99,2023,6,5.0,7.8125
RA-87,87,2023,6,10.0,8.125
RA-89,89,2023,6,5.0,7.34375
RA-1221,1221,2023,7,5.0,8.0
RA-27,27,2023,7,10.0,8.625
RA-1222,1222,2023,7,5.0,6.875
RA-32,32,2023,7,10.0,7.375
RA-19,19,2023,7,5.0,7.75
RA-62,62,2023,7,10.0,8.25
RA-1223,1223,2023,7,10.0,6.875
RA-38,38,2023,7,10.0,8.75
RA-1224,1224,2023,7,5.0,7.125
RA-39,39,2023,7,10.0,8.75
RA-1275,1275,2024,,10.0,5.625
RA-1276,1276,2024,,10.0,7.5
RA-1277,1277,2024,,10.0,7.5
RA-868,868,2024,,5.0,6.875
RA-1278,1278,2024,,5.0,5.0
RA-1279,1279,2024,,5.0,7.5
RA-861,861,2024,,5.0,8.125
RA-862,862,2024,,5.0,7.1875
RA-1280,1280,2024,,5.0,7.5
RA-1281,1281,2024,,5.0,7.5
RA-895,895,2024,,5.0,7.5
RA-884,884,2024,,5.0,7.5
RA-1282,1282,2024,,5.0,7.5
RA-889,889,2024,,5.0,7.5
RA-867,867,2024,,5.0,7.5
RA-1283,1283,2024,,5.0,7.5
RA-891,891,2024,,5.0,7.5
RA-1284,1284,2024,,10.0,7.8125
RA-1012,1012,2024,,5.0,8.125
RA-1285,1285,2024,,10.0,7.5
RA-1286,1286,2024,,10.0,5.3125
RA-1287,1287,2024,,5.0,8.125
RA-1288,1288,2024,,10.0,7.1875
RA-1289,1289,2024,,5.0,5.9375
RA-1290,1290,2024,,5.0,7.5
RA-1291,1291,2024,,5.0,7.5
RA-885,885,2024,,5.0,7.5
RA-1292,1292,2024,,5.0,7.1875
RA-1293,1293,2024,,5.0,6.875
RA-888,888,2024,,5.0,7.5
RA-1294,1294,2024,,5.0,6.875
RA-1009,1009,2024,,5.0,6.5625
RA-1013,1013,2024,,5.0,5.0
RA-1295,1295,2024,,10.0,7.5
RA-1296,1296,2024,,5.0,7.5
RA-863,863,2024,,5.0,4.6875
RA-1297,1297,2024,,5.0,7.5
RA-1014,1014,2024,,5.0,6.875
RA-880,880,2024,,5.0,7.1875
RA-886,886,2024,,5.0,7.5
RA-1298,1298,2024,,10.0,7.1875
RA-1299,1299,2024,,5.0,7.1875
RA-904,904,2024,,5.0,7.5
RA-1300,1300,2024,,5.0,7.5
RA-1301,1301,2024,,5.0,7.5
RA-1302,1302,2024,,10.0,6.25
RA-1303,1303,2024,,10.0,7.5
RA-1304,1304,2024,,5.0,7.8125
RA-1305,1305,2024,,5.0,7.8125
RA-1306,1306,2024,,5.0,7.5
RA-702,702,2024,,5.0,7.8125
RA-725,725,2024,,5.0,7.5
RA-912,912,2024,,5.0,8.125
RA-918,918,2024,,5.0,5.9375
RA-920,920,2024,,5.0,7.1875
RA-1307,1307,2024,,10.0,6.25
RA-1308,1308,2024,,5.0,7.5
RA-1309,1309,2024,,10.0,7.5
RA-1310,1310,2024,,10.0,7.8125
RA-1311,1311,2024,,10.0,7.5
RA-1312,1312,2024,,5.0,6.25
RA-1313,1313,2024,,10.0,7.5
RA-1314,1314,2024,,10.0,7.5
RA-1315,1315,2024,,10.0,7.5
RA-921,921,2024,,5.0,7.5
RA-1316,1316,2024,,5.0,7.5
RA-1317,1317,2024,,5.0,7.5
RA-897,897,2024,,5.0,6.875
RA-908,908,2024,,5.0,7.1875
RA-916,916,2024,,5.0,6.5625
RA-924,924,2024,,5.0,7.1875
RA-925,925,2024,,5.0,7.1875
RA-1008,1008,2024,,5.0,7.1875
RA-919,919,2024,,5.0,6.875
RA-1318,1318,2024,,5.0,7.1875
RA-1003,1003,2024,,5.0,6.875
RA-1004,1004,2024,,5.0,7.5
RA-1006,1006,2024,,5.0,7.5
RA-1319,1319,2024,,5.0,7.5
RA-858,858,2024,,5.0,7.5
RA-905,905,2024,,5.0,6.875
RA-907,907,2024,,5.0,7.5
RA-1320,1320,2024,,5.0,7.5
RA-909,909,2024,,5.0,6.875
RA-729,729,2024,,5.0,7.5
RA-1321,1321,2024,,10.0,6.5625
RA-1322,1322,2024,,10.0,8.4375
RA-1323,1323,2024,,5.0,6.875
RA-1324,1324,2024,,5.0,7.8125
RA-931,931,2024,,5.0,7.5
RA-1325,1325,2024,,10.0,8.4375
RA-1326,1326,2024,,10.0,7.8125
RA-1327,1327,2024,,10.0,7.8125
RA-1328,1328,2024,,5.0,7.5
RA-1329,1329,2024,,10.0,6.5625
RA-1330,1330,2024,,10.0,8.4375
RA-1331,1331,2024,,10.0,8.4375
RA-944,944,2024,,5.0,8.75
RA-1332,1332,2024,,5.0,9.375
RA-754,754,2024,,5.0,2.5
RA-1333,1333,2024,,5.0,9.375
RA-934,934,2024,,5.0,9.375
RA-1334,1334,2024,,5.0,9.375
RA-941,941,2024,,5.0,8.125
RA-756,756,2024,,5.0,8.125
RA-1335,1335,2024,,5.0,9.375
RA-773,773,2024,,5.0,7.5
RA-938,938,2024,,5.0,8.125
RA-1336,1336,2024,,5.0,7.5
RA-1337,1337,2024,,5.0,6.875
RA-1338,1338,2024,,5.0,6.875
RA-1339,1339,2024,,5.0,5.0
RA-1340,1340,2024,,10.0,5.625
RA-1341,1341,2024,,5.0,5.625
RA-947,947,2024,,5.0,5.625
RA-1342,1342,2024,,5.0,7.5
RA-1343,1343,2024,,10.0,6.25
RA-1344,1344,2024,,10.0,8.75
RA-945,945,2024,,5.0,7.5
RA-946,946,2024,,5.0,7.5
RA-1345,1345,2024,,5.0,6.25
RA-771,771,2024,,5.0,5.625
RA-1346,1346,2024,,10.0,6.25
RA-1347,1347,2024,,5.0,5.625
RA-949,949,2024,,5.0,6.25
RA-950,950,2024,,5.0,6.875
RA-951,951,2024,,5.0,6.25
RA-1002,1002,2024,,5.0,7.5
RA-774,774,2024,,5.0,6.25
RA-749,749,2024,,5.0,8.4375
RA-929,929,2024,,5.0,8.125
RA-930,930,2024,,5.0,7.8125
RA-787,787,2024,,5.0,7.1875
RA-1348,1348,2024,,5.0,8.75
RA-935,935,2024,,5.0,8.75
RA-1349,1349,2024,,5.0,8.4375
RA-937,937,2024,,5.0,8.75
RA-1350,1350,2024,,5.0,8.4375
RA-1351,1351,2024,,5.0,8.4375
RA-959,959,2024,,5.0,7.8125
RA-1352,1352,2024,,5.0,8.4375
RA-1353,1353,2024,,5.0,6.875
RA-1354,1354,2024,,5.0,8.125
RA-979,979,2024,,5.0,8.125
RA-1355,1355,2024,,5.0,8.125
RA-971,971,2024,,5.0,7.5
RA-972,972,2024,,5.0,8.75
RA-965,965,2024,,5.0,8.75
RA-973,973,2024,,5.0,7.5
RA-1356,1356,2024,,10.0,8.125
RA-966,966,2024,,5.0,8.125
RA-1357,1357,2024,,5.0,8.125
RA-969,969,2024,,5.0,8.125
RA-1358,1358,2024,,10.0,6.25
RA-1359,1359,2024,,10.0,5.625
RA-1360,1360,2024,,10.0,5.625
RA-1361,1361,2024,,10.0,7.5
RA-975,975,2024,,5.0,6.875
RA-1362,1362,2024,,10.0,6.875
RA-977,977,2024,,5.0,6.875
RA-1363,1363,2024,,10.0,6.875
RA-981,981,2024,,5.0,6.25
RA-1364,1364,2024,,5.0,6.875
RA-1365,1365,2024,,5.0,6.875
RA-1366,1366,2024,,5.0,7.5
RA-974,974,2024,,5.0,7.5
RA-1367,1367,2024,,10.0,7.5
RA-1368,1368,2024,,10.0,7.5
RA-1369,1369,2024,,10.0,7.5
RA-978,978,2024,,5.0,6.875
RA-1370,1370,2024,,5.0,7.5
RA-1371,1371,2024,,5.0,6.875
RA-1372,1372,2024,,10.0,7.5
RA-1373,1373,2024,,5.0,7.5
RA-1374,1374,2024,,5.0,7.5
RA-1375,1375,2024,,5.0,7.5
RA-1376,1376,2024,,5.0,7.5
RA-994,994,2024,,5.0,6.875
RA-1377,1377,2024,,10.0,6.875
RA-1378,1378,2024,,5.0,7.5
RA-1379,1379,2024,,5.0,5.9375
RA-1380,1380,2024,,10.0,7.1875
RA-770,770,2024,,5.0,7.5
RA-1381,1381,2024,,10.0,8.75
RA-1382,1382,2024,,5.0,7.8125
RA-1383,1383,2024,,10.0,7.1875
RA-1384,1384,2024,,5.0,6.25
RA-1385,1385,2024,,5.0,6.875
RA-1386,1386,2024,,5.0,7.5
RA-1387,1387,2024,,5.0,7.5
RA-1388,1388,2024,,5.0,7.5
RA-1389,1389,2024,,10.0,7.5
RA-1390,1390,2024,,10.0,7.5
RA-1391,1391,2024,,10.0,7.5
RA-1392,1392,2024,,5.0,7.5
RA-1393,1393,2024,,10.0,7.5
RA-990,990,2024,1,5.0,8.4375
RA-1394,1394,2024,1,5.0,8.125
RA-991,991,2024,1,5.0,7.5
RA-1018,1018,2024,1,5.0,8.4375
RA-1395,1395,2024,1,10.0,7.8125
RA-1396,1396,2024,1,5.0,8.125
RA-1025,1025,2024,1,5.0,8.4375
RA-1019,1019,2024,1,10.0,7.8125
RA-879,879,2024,1,5.0,7.8125
RA-1020,1020,2024,1,10.0,8.4375
RA-1021,1021,2024,1,5.0,8.4375
RA-1022,1022,2024,1,5.0,7.5
RA-1397,1397,2024,1,5.0,8.125
RA-699,699,2024,1,5.0,6.5625
RA-1398,1398,2024,1,5.0,8.125
RA-871,871,2024,1,10.0,5.3125
RA-1399,1399,2024,1,5.0,7.5
RA-873,873,2024,1,5.0,7.1875
RA-898,898,2024,1,5.0,7.5
RA-750,750,2024,1,5.0,4.0625
RA-899,899,2024,1,10.0,8.125
RA-878,878,2024,1,5.0,7.1875
RA-893,893,2024,1,10.0,8.125
RA-1024,1024,2024,1,5.0,8.4375
RA-900,900,2024,1,10.0,8.125
RA-903,903,2024,1,10.0,7.8125
RA-1400,1400,2024,1,10.0,7.5
RA-851,851,2024,1,5.0,5.625
RA-1028,1028,2024,1,5.0,6.875
RA-922,922,2024,1,10.0,7.8125
RA-684,684,2024,1,10.0,7.5
RA-1031,1031,2024,1,5.0,5.3125
RA-892,892,2024,1,10.0,8.125
RA-1029,1029,2024,1,5.0,7.5
RA-1032,1032,2024,1,5.0,7.8125
RA-894,894,2024,1,5.0,8.4375
RA-1401,1401,2024,1,5.0,7.8125
RA-896,896,2024,1,10.0,8.125
RA-693,693,2024,1,10.0,7.8125
RA-743,743,2024,1,5.0,7.5
RA-681,681,2024,1,5.0,5.625
RA-1035,1035,2024,1,5.0,8.4375
RA-850,850,2024,1,5.0,7.5
RA-1402,1402,2024,1,10.0,8.4375
RA-1403,1403,2024,1,5.0,8.4375
RA-1404,1404,2024,1,10.0,8.4375
RA-923,923,2024,1,10.0,8.125
RA-847,847,2024,1,5.0,7.5
RA-1405,1405,2024,1,10.0,8.125
RA-1406,1406,2024,1,5.0,8.4375
RA-1407,1407,2024,1,5.0,7.8125
RA-1408,1408,2024,1,5.0,8.4375
RA-1409,1409,2024,1,5.0,8.4375
RA-1410,1410,2024,1,5.0,8.75
RA-874,874,2024,1,5.0,8.75
RA-1411,1411,2024,1,5.0,8.4375
RA-1412,1412,2024,1,10.0,8.75
RA-690,690,2024,1,5.0,8.4375
RA-1413,1413,2024,1,5.0,8.4375
RA-1414,1414,2024,1,10.0,8.75
RA-995,995,2024,1,5.0,7.1875
RA-853,853,2024,1,10.0,8.333333333
RA-854,854,2024,1,10.0,5.833333333
RA-1415,1415,2024,1,5.0,7.291666667
RA-842,842,2024,1,5.0,6.875
RA-700,700,2024,1,5.0,7.291666667
RA-1416,1416,2024,1,5.0,7.916666667
RA-911,911,2024,1,5.0,6.041666667
RA-859,859,2024,1,10.0,8.958333333
RA-860,860,2024,1,10.0,8.75
RA-727,727,2024,1,10.0,8.125
RA-1417,1417,2024,1,5.0,6.25
RA-910,910,2024,1,10.0,7.916666667
RA-840,840,2024,1,10.0,8.333333333
RA-926,926,2024,1,5.0,8.333333333
RA-1418,1418,2024,1,5.0,7.916666667
RA-927,927,2024,1,10.0,8.333333333
RA-672,672,2024,1,5.0,6.041666667
RA-1043,1043,2024,1,5.0,7.291666667
RA-738,738,2024,1,5.0,6.875
RA-1419,1419,2024,1,10.0,8.958333333
RA-704,704,2024,1,5.0,6.458333333
RA-705,705,2024,1,5.0,5.625
RA-822,822,2024,1,5.0,6.666666667
RA-740,740,2024,1,5.0,8.541666667
RA-741,741,2024,1,5.0,5.833333333
RA-1420,1420,2024,1,5.0,6.458333333
RA-709,709,2024,1,5.0,6.875
RA-1421,1421,2024,1,5.0,6.875
RA-1422,1422,2024,1,5.0,8.125
RA-1423,1423,2024,1,5.0,7.8125
RA-733,733,2024,1,5.0,8.90625
RA-836,836,2024,1,5.0,7.34375
RA-1424,1424,2024,1,5.0,7.8125
RA-1425,1425,2024,1,5.0,7.34375
RA-1426,1426,2024,1,5.0,7.5
RA-716,716,2024,1,5.0,6.71875
RA-1049,1049,2024,1,5.0,7.65625
RA-1427,1427,2024,1,5.0,8.90625
RA-1052,1052,2024,1,5.0,8.59375
RA-719,719,2024,1,5.0,7.5
RA-1055,1055,2024,1,5.0,7.1875
RA-747,747,2024,1,5.0,7.083333333
RA-928,928,2024,1,10.0,8.541666667
RA-748,748,2024,1,5.0,8.75
RA-769,769,2024,1,5.0,7.916666667
RA-876,876,2024,1,10.0,8.333333333
RA-776,776,2024,1,5.0,8.333333333
RA-753,753,2024,1,5.0,8.333333333
RA-601,601,2024,1,5.0,8.75
RA-955,955,2024,1,5.0,8.125
RA-831,831,2024,1,5.0,7.916666667
RA-1067,1067,2024,1,5.0,8.541666667
RA-1058,1058,2024,1,5.0,8.125
RA-757,757,2024,1,5.0,8.125
RA-794,794,2024,1,10.0,8.125
RA-960,960,2024,1,5.0,7.5
RA-587,587,2024,1,5.0,7.916666667
RA-826,826,2024,1,5.0,7.5
RA-789,789,2024,1,10.0,9.166666667
RA-1056,1056,2024,1,5.0,9.166666667
RA-1428,1428,2024,1,5.0,9.166666667
RA-830,830,2024,1,5.0,8.333333333
RA-780,780,2024,1,5.0,8.958333333
RA-1057,1057,2024,1,5.0,8.75
RA-1062,1062,2024,1,5.0,8.75
RA-1429,1429,2024,1,5.0,8.958333333
RA-1430,1430,2024,1,5.0,8.958333333
RA-767,767,2024,1,5.0,8.541666667
RA-943,943,2024,1,10.0,8.958333333
RA-782,782,2024,1,10.0,7.5
RA-795,795,2024,1,5.0,8.958333333
RA-1431,1431,2024,1,5.0,7.96875
RA-1432,1432,2024,1,5.0,9.21875
RA-1433,1433,2024,1,5.0,8.28125
RA-1434,1434,2024,1,5.0,9.53125
RA-958,958,2024,1,10.0,9.53125
RA-961,961,2024,1,5.0,5.9375
RA-1435,1435,2024,1,10.0,7.1875
RA-755,755,2024,1,5.0,9.0625
RA-1436,1436,2024,1,5.0,8.28125
RA-1437,1437,2024,1,5.0,8.28125
RA-1438,1438,2024,1,5.0,8.90625
RA-1439,1439,2024,1,5.0,9.375
RA-1440,1440,2024,1,5.0,8.75
RA-1441,1441,2024,1,10.0,9.375
RA-1442,1442,2024,1,5.0,7.5
RA-1443,1443,2024,1,5.0,7.708333333
RA-1444,1444,2024,1,5.0,7.708333333
RA-956,956,2024,1,5.0,7.083333333
RA-952,952,2024,1,10.0,8.333333333
RA-939,939,2024,1,5.0,8.125
RA-953,953,2024,1,10.0,8.125
RA-954,954,2024,1,10.0,8.125
RA-792,792,2024,1,5.0,8.125
RA-1000,1000,2024,1,10.0,8.125
RA-763,763,2024,1,5.0,7.708333333
RA-1001,1001,2024,1,5.0,7.916666667
RA-1445,1445,2024,1,5.0,7.916666667
RA-1446,1446,2024,1,10.0,7.291666667
RA-768,768,2024,1,5.0,8.125
RA-1447,1447,2024,1,5.0,7.916666667
RA-980,980,2024,1,10.0,7.5
RA-982,982,2024,1,10.0,6.875
RA-1448,1448,2024,1,5.0,7.5
RA-1070,1070,2024,1,5.0,6.875
RA-985,985,2024,1,10.0,7.5
RA-986,986,2024,1,10.0,7.083333333
RA-810,810,2024,1,5.0,6.458333333
RA-987,987,2024,1,10.0,7.708333333
RA-988,988,2024,1,5.0,8.333333333
RA-805,805,2024,1,5.0,7.03125
RA-806,806,2024,1,5.0,7.65625
RA-807,807,2024,1,10.0,7.5
RA-808,808,2024,1,10.0,8.125
RA-963,963,2024,1,10.0,8.125
RA-989,989,2024,1,10.0,7.1875
RA-964,964,2024,1,5.0,7.96875
RA-1449,1449,2024,1,5.0,7.96875
RA-801,801,2024,1,5.0,6.25
RA-1450,1450,2024,1,10.0,7.8125
RA-984,984,2024,1,10.0,8.125
RA-1451,1451,2024,1,5.0,7.96875
RA-967,967,2024,1,5.0,5.78125
RA-968,968,2024,1,5.0,8.4375
RA-521,521,2024,2,10.0,6.666666667
RA-821,821,2024,2,10.0,6.666666667
RA-1075,1075,2024,2,5.0,7.708333333
RA-1048,1048,2024,2,10.0,7.708333333
RA-1082,1082,2024,2,5.0,7.083333333
RA-680,680,2024,2,5.0,6.666666667
RA-698,698,2024,2,10.0,7.291666667
RA-1452,1452,2024,2,10.0,7.916666667
RA-1453,1453,2024,2,5.0,7.5
RA-1454,1454,2024,2,10.0,7.708333333
RA-1455,1455,2024,2,5.0,7.708333333
RA-529,529,2024,2,5.0,4.791666667
RA-1456,1456,2024,2,10.0,7.5
RA-1015,1015,2024,2,10.0,6.041666667
RA-483,483,2024,2,5.0,8.125
RA-497,497,2024,2,5.0,5.625
RA-1457,1457,2024,2,5.0,7.291666667
RA-688,688,2024,2,10.0,8.333333333
RA-696,696,2024,2,10.0,7.708333333
RA-1458,1458,2024,2,5.0,6.041666667
RA-1034,1034,2024,2,10.0,7.708333333
RA-491,491,2024,2,5.0,7.083333333
RA-1027,1027,2024,2,10.0,7.916666667
RA-1023,1023,2024,2,10.0,8.958333333
RA-686,686,2024,2,10.0,8.4375
RA-480,480,2024,2,10.0,7.8125
RA-1459,1459,2024,2,5.0,7.5
RA-1460,1460,2024,2,10.0,6.875
RA-1017,1017,2024,2,10.0,7.1875
RA-499,499,2024,2,10.0,7.1875
RA-514,514,2024,2,10.0,5.625
RA-1461,1461,2024,2,5.0,7.5
RA-1462,1462,2024,2,5.0,8.125
RA-1463,1463,2024,2,10.0,9.0625
RA-1464,1464,2024,2,5.0,9.0625
RA-687,687,2024,2,10.0,8.75
RA-1030,1030,2024,2,10.0,7.8125
RA-1465,1465,2024,2,5.0,8.75
RA-522,522,2024,2,10.0,8.4375
RA-501,501,2024,2,10.0,8.4375
RA-1466,1466,2024,2,10.0,8.75
RA-502,502,2024,2,10.0,9.0625
RA-1467,1467,2024,2,10.0,8.75
RA-1468,1468,2024,2,10.0,8.4375
RA-527,527,2024,2,10.0,8.125
RA-1469,1469,2024,2,5.0,8.75
RA-1470,1470,2024,2,5.0,6.875
RA-1471,1471,2024,2,5.0,7.65625
RA-710,710,2024,2,5.0,7.65625
RA-1472,1472,2024,2,10.0,7.96875
RA-837,837,2024,2,10.0,7.03125
RA-549,549,2024,2,5.0,6.40625
RA-571,571,2024,2,5.0,7.03125
RA-731,731,2024,2,5.0,5.78125
RA-706,706,2024,2,10.0,7.65625
RA-707,707,2024,2,5.0,6.40625
RA-1044,1044,2024,2,10.0,7.1875
RA-1054,1054,2024,2,5.0,7.1875
RA-721,721,2024,2,10.0,8.75
RA-1473,1473,2024,2,5.0,6.5625
RA-735,735,2024,2,5.0,7.65625
RA-712,712,2024,2,5.0,6.5625
RA-1103,1103,2024,2,10.0,7.5
RA-570,570,2024,2,5.0,7.1875
RA-713,713,2024,2,10.0,7.03125
RA-714,714,2024,2,5.0,7.65625
RA-737,737,2024,2,10.0,7.5
RA-1474,1474,2024,2,10.0,6.71875
RA-1036,1036,2024,2,10.0,7.65625
RA-576,576,2024,2,10.0,7.8125
RA-577,577,2024,2,5.0,6.5625
RA-580,580,2024,2,5.0,7.03125
RA-581,581,2024,2,5.0,6.5625
RA-841,841,2024,2,5.0,7.03125
RA-730,730,2024,2,10.0,9.166666667
RA-855,855,2024,2,10.0,7.5
RA-820,820,2024,2,10.0,8.333333333
RA-715,715,2024,2,10.0,5.0
RA-1038,1038,2024,2,10.0,7.5
RA-1475,1475,2024,2,10.0,7.5
RA-1039,1039,2024,2,5.0,7.5
RA-745,745,2024,2,10.0,7.5
RA-718,718,2024,2,10.0,7.5
RA-1040,1040,2024,2,5.0,7.5
RA-746,746,2024,2,10.0,7.5
RA-1069,1069,2024,2,10.0,8.125
RA-1476,1476,2024,2,10.0,8.4375
RA-827,827,2024,2,10.0,7.65625
RA-1477,1477,2024,2,10.0,6.40625
RA-762,762,2024,2,5.0,6.5625
RA-778,778,2024,2,10.0,7.5
RA-591,591,2024,2,5.0,5.78125
RA-1478,1478,2024,2,10.0,6.875
RA-829,829,2024,2,10.0,8.90625
RA-1479,1479,2024,2,10.0,7.1875
RA-1480,1480,2024,2,5.0,7.1875
RA-438,438,2024,2,5.0,7.96875
RA-607,607,2024,2,10.0,7.1875
RA-1481,1481,2024,2,5.0,6.875
RA-1482,1482,2024,2,5.0,7.5
RA-1483,1483,2024,2,10.0,5.78125
RA-1484,1484,2024,2,5.0,7.5
RA-1485,1485,2024,2,5.0,7.5
RA-1486,1486,2024,2,10.0,7.916666667
RA-597,597,2024,2,10.0,7.5
RA-624,624,2024,2,10.0,7.916666667
RA-1487,1487,2024,2,5.0,7.708333333
RA-1488,1488,2024,2,10.0,7.5
RA-1489,1489,2024,2,5.0,6.666666667
RA-600,600,2024,2,10.0,7.5
RA-663,663,2024,2,5.0,6.875
RA-1490,1490,2024,2,5.0,6.666666667
RA-1491,1491,2024,2,10.0,7.5
RA-1066,1066,2024,2,10.0,7.5
RA-630,630,2024,2,10.0,7.5
RA-1492,1492,2024,2,10.0,8.75
RA-834,834,2024,2,10.0,7.708333333
RA-784,784,2024,2,10.0,9.375
RA-1059,1059,2024,2,10.0,9.0625
RA-612,612,2024,2,10.0,9.6875
RA-1060,1060,2024,2,10.0,7.8125
RA-761,761,2024,2,10.0,8.75
RA-1493,1493,2024,2,5.0,7.1875
RA-665,665,2024,2,5.0,7.5
RA-1115,1115,2024,2,10.0,7.5
RA-1061,1061,2024,2,10.0,8.4375
RA-1494,1494,2024,2,10.0,7.5
RA-1495,1495,2024,2,10.0,8.75
RA-606,606,2024,2,10.0,8.125
RA-594,594,2024,2,10.0,8.125
RA-1496,1496,2024,2,10.0,7.8125
RA-1497,1497,2024,2,10.0,6.875
RA-1498,1498,2024,2,5.0,8.125
RA-1499,1499,2024,2,10.0,8.125
RA-788,788,2024,2,10.0,8.4375
RA-1500,1500,2024,2,10.0,8.4375
RA-777,777,2024,2,10.0,8.125
RA-1063,1063,2024,2,5.0,7.8125
RA-664,664,2024,2,10.0,8.125
RA-1501,1501,2024,2,10.0,8.4375
RA-764,764,2024,2,10.0,8.4375
RA-1064,1064,2024,2,10.0,8.75
RA-1065,1065,2024,2,10.0,9.0625
RA-1502,1502,2024,2,5.0,7.8125
RA-781,781,2024,2,10.0,8.4375
RA-608,608,2024,2,10.0,7.1875
RA-796,796,2024,2,5.0,7.916666667
RA-797,797,2024,2,5.0,6.666666667
RA-636,636,2024,2,10.0,6.875
RA-1140,1140,2024,2,10.0,8.125
RA-1503,1503,2024,2,5.0,8.958333333
RA-814,814,2024,2,10.0,7.5
RA-637,637,2024,2,10.0,8.333333333
RA-652,652,2024,2,10.0,7.916666667
RA-816,816,2024,2,10.0,9.166666667
RA-1504,1504,2024,2,5.0,5.833333333
RA-638,638,2024,2,10.0,8.125
RA-1505,1505,2024,2,5.0,8.75
RA-643,643,2024,2,5.0,8.125
RA-645,645,2024,2,10.0,7.708333333
RA-1068,1068,2024,2,10.0,8.541666667
RA-798,798,2024,2,5.0,5.0
RA-799,799,2024,2,10.0,7.916666667
RA-1506,1506,2024,2,10.0,6.458333333
RA-802,802,2024,2,10.0,8.333333333
RA-1507,1507,2024,2,5.0,4.583333333
RA-1071,1071,2024,2,5.0,4.166666667
RA-1508,1508,2024,2,10.0,7.5
RA-1509,1509,2024,2,10.0,6.666666667
RA-1510,1510,2024,2,10.0,9.583333333
RA-785,785,2024,2,10.0,8.75
RA-1511,1511,2024,2,10.0,8.4375
RA-752,752,2024,2,5.0,5.9375
RA-790,790,2024,2,5.0,7.1875
RA-590,590,2024,2,5.0,7.5
RA-1512,1512,2024,2,10.0,7.8125
RA-472,472,2024,2,5.0,6.25
RA-628,628,2024,2,5.0,7.1875
RA-1513,1513,2024,2,5.0,7.5
RA-1514,1514,2024,2,10.0,7.1875
RA-629,629,2024,2,10.0,7.5
RA-832,832,2024,2,10.0,7.5
RA-1515,1515,2024,2,5.0,6.875
RA-833,833,2024,2,10.0,8.125
RA-819,819,2024,2,10.0,8.4375
RA-1073,1073,2024,3,10.0,6.875
RA-494,494,2024,3,10.0,7.8125
RA-484,484,2024,3,10.0,3.4375
RA-496,496,2024,3,10.0,6.71875
RA-1516,1516,2024,3,10.0,7.96875
RA-1143,1143,2024,3,2.5,7.03125
RA-1517,1517,2024,3,5.0,7.5
RA-1518,1518,2024,3,5.0,7.65625
RA-227,227,2024,3,10.0,7.5
RA-487,487,2024,3,10.0,9.0625
RA-1076,1076,2024,3,10.0,7.03125
RA-1084,1084,2024,3,10.0,7.03125
RA-1519,1519,2024,3,10.0,7.96875
RA-490,490,2024,3,10.0,7.8125
RA-346,346,2024,3,10.0,7.96875
RA-546,546,2024,3,10.0,5.15625
RA-1087,1087,2024,3,10.0,7.1875
RA-493,493,2024,3,10.0,7.03125
RA-1520,1520,2024,3,5.0,7.65625
RA-1072,1072,2024,3,10.0,7.96875
RA-1521,1521,2024,3,5.0,6.09375
RA-536,536,2024,3,10.0,7.1875
RA-1079,1079,2024,3,10.0,4.21875
RA-331,331,2024,3,5.0,6.09375
RA-1522,1522,2024,3,10.0,6.875
RA-1096,1096,2024,3,10.0,9.0625
RA-513,513,2024,3,10.0,9.0625
RA-531,531,2024,3,10.0,7.96875
RA-1523,1523,2024,3,10.0,8.90625
RA-1524,1524,2024,3,5.0,7.65625
RA-1147,1147,2024,3,5.0,6.25
RA-479,479,2024,3,10.0,9.375
RA-517,517,2024,3,10.0,6.041666667
RA-325,325,2024,3,10.0,8.333333333
RA-1525,1525,2024,3,10.0,8.541666667
RA-518,518,2024,3,10.0,7.083333333
RA-1146,1146,2024,3,5.0,6.25
RA-530,530,2024,3,10.0,7.083333333
RA-524,524,2024,3,10.0,8.333333333
RA-578,578,2024,3,10.0,9.583333333
RA-526,526,2024,3,5.0,7.291666667
RA-528,528,2024,3,10.0,7.291666667
RA-516,516,2024,3,10.0,8.541666667
RA-534,534,2024,3,10.0,7.5
RA-1097,1097,2024,3,5.0,6.041666667
RA-360,360,2024,3,5.0,7.708333333
RA-1526,1526,2024,3,10.0,8.125
RA-1077,1077,2024,3,10.0,6.40625
RA-508,508,2024,3,10.0,7.65625
RA-363,363,2024,3,10.0,7.34375
RA-340,340,2024,3,10.0,6.5625
RA-1527,1527,2024,3,10.0,7.96875
RA-509,509,2024,3,10.0,8.28125
RA-500,500,2024,3,10.0,8.59375
RA-1528,1528,2024,3,10.0,7.96875
RA-1089,1089,2024,3,10.0,7.1875
RA-1090,1090,2024,3,10.0,7.8125
RA-503,503,2024,3,10.0,7.8125
RA-1093,1093,2024,3,10.0,8.90625
RA-1094,1094,2024,3,10.0,8.4375
RA-1095,1095,2024,3,10.0,5.46875
RA-1098,1098,2024,3,10.0,7.34375
RA-1106,1106,2024,3,10.0,7.65625
RA-568,568,2024,3,5.0,6.5625
RA-558,558,2024,3,5.0,6.09375
RA-559,559,2024,3,10.0,6.25
RA-1529,1529,2024,3,5.0,8.125
RA-1111,1111,2024,3,10.0,6.5625
RA-1108,1108,2024,3,10.0,7.1875
RA-542,542,2024,3,10.0,7.03125
RA-543,543,2024,3,10.0,8.90625
RA-1530,1530,2024,3,10.0,7.03125
RA-555,555,2024,3,5.0,5.0
RA-1531,1531,2024,3,5.0,7.34375
RA-1099,1099,2024,3,10.0,7.8125
RA-1154,1154,2024,3,5.0,7.34375
RA-1100,1100,2024,3,10.0,6.71875
RA-381,381,2024,3,5.0,6.71875
RA-364,364,2024,3,10.0,7.96875
RA-539,539,2024,3,10.0,8.75
RA-573,573,2024,3,10.0,7.8125
RA-1107,1107,2024,3,10.0,7.5
RA-368,368,2024,3,5.0,7.65625
RA-387,387,2024,3,5.0,6.25
RA-556,556,2024,3,10.0,6.40625
RA-389,389,2024,3,10.0,6.5625
RA-390,390,2024,3,10.0,6.5625
RA-376,376,2024,3,5.0,6.5625
RA-584,584,2024,3,10.0,7.34375
RA-535,535,2024,3,10.0,7.96875
RA-547,547,2024,3,10.0,5.625
RA-557,557,2024,3,10.0,10.0
RA-548,548,2024,3,10.0,5.9375
RA-1102,1102,2024,3,10.0,5.9375
RA-1532,1532,2024,3,5.0,7.5
RA-538,538,2024,3,5.0,5.625
RA-365,365,2024,3,10.0,8.4375
RA-563,563,2024,3,10.0,8.125
RA-1157,1157,2024,3,5.0,7.96875
RA-258,258,2024,3,10.0,7.34375
RA-369,369,2024,3,10.0,6.40625
RA-375,375,2024,3,10.0,7.1875
RA-1533,1533,2024,3,10.0,8.5
RA-1534,1534,2024,3,10.0,8.0
RA-1160,1160,2024,3,5.0,6.25
RA-562,562,2024,3,10.0,7.625
RA-1112,1112,2024,3,10.0,5.375
RA-1535,1535,2024,3,10.0,7.125
RA-1536,1536,2024,3,5.0,7.875
RA-357,357,2024,3,5.0,7.875
RA-583,583,2024,3,10.0,6.875
RA-1537,1537,2024,3,5.0,8.125
RA-599,599,2024,3,10.0,7.083333333
RA-651,651,2024,3,10.0,8.541666667
RA-1131,1131,2024,3,10.0,7.291666667
RA-403,403,2024,3,10.0,8.541666667
RA-1538,1538,2024,3,10.0,7.916666667
RA-469,469,2024,3,10.0,7.291666667
RA-1121,1121,2024,3,10.0,7.083333333
RA-1122,1122,2024,3,10.0,7.083333333
RA-422,422,2024,3,5.0,6.458333333
RA-1117,1117,2024,3,10.0,8.125
RA-1539,1539,2024,3,10.0,7.708333333
RA-618,618,2024,3,5.0,6.666666667
RA-669,669,2024,3,10.0,7.291666667
RA-408,408,2024,3,10.0,7.083333333
RA-610,610,2024,3,10.0,6.875
RA-409,409,2024,3,10.0,7.916666667
RA-464,464,2024,3,5.0,7.1875
RA-1165,1165,2024,3,10.0,6.875
RA-466,466,2024,3,5.0,7.5
RA-414,414,2024,3,10.0,6.25
RA-401,401,2024,3,10.0,6.5625
RA-1141,1141,2024,3,10.0,6.5625
RA-592,592,2024,3,10.0,7.65625
RA-474,474,2024,3,5.0,7.1875
RA-602,602,2024,3,10.0,8.28125
RA-666,666,2024,3,10.0,7.5
RA-604,604,2024,3,10.0,6.40625
RA-476,476,2024,3,10.0,6.25
RA-423,423,2024,3,10.0,6.875
RA-631,631,2024,3,10.0,5.625
RA-658,658,2024,3,10.0,7.375
RA-1540,1540,2024,3,5.0,7.125
RA-1541,1541,2024,3,10.0,8.25
RA-1114,1114,2024,3,10.0,8.375
RA-662,662,2024,3,10.0,7.625
RA-760,760,2024,3,10.0,6.25
RA-1542,1542,2024,3,5.0,7.375
RA-404,404,2024,3,10.0,7.5
RA-1119,1119,2024,3,5.0,7.625
RA-1116,1116,2024,3,5.0,5.125
RA-667,667,2024,3,10.0,7.75
RA-605,605,2024,3,10.0,7.0
RA-1543,1543,2024,3,5.0,7.25
RA-1118,1118,2024,3,10.0,6.75
RA-1544,1544,2024,3,5.0,6.625
RA-1545,1545,2024,3,10.0,6.25
RA-1127,1127,2024,3,10.0,8.125
RA-1129,1129,2024,3,10.0,6.875
RA-1546,1546,2024,3,10.0,7.5
RA-1130,1130,2024,3,10.0,6.875
RA-1168,1168,2024,3,5.0,7.1875
RA-613,613,2024,3,5.0,6.875
RA-433,433,2024,3,10.0,6.875
RA-1547,1547,2024,3,5.0,7.5
RA-1548,1548,2024,3,10.0,7.5
RA-304,304,2024,3,2.5,6.875
RA-1549,1549,2024,3,5.0,7.1875
RA-632,632,2024,3,10.0,8.28125
RA-633,633,2024,3,10.0,6.875
RA-1137,1137,2024,3,10.0,8.28125
RA-646,646,2024,3,5.0,8.28125
RA-1550,1550,2024,3,5.0,7.03125
RA-1139,1139,2024,3,10.0,7.5
RA-444,444,2024,3,5.0,6.25
RA-445,445,2024,3,10.0,7.8125
RA-639,639,2024,3,10.0,6.71875
RA-1142,1142,2024,3,10.0,8.125
RA-1551,1551,2024,3,5.0,7.5
RA-458,458,2024,3,5.0,7.03125
RA-1552,1552,2024,3,10.0,7.1875
RA-1170,1170,2024,3,5.0,7.03125
RA-642,642,2024,3,10.0,7.1875
RA-1553,1553,2024,3,10.0,8.333333333
RA-1554,1554,2024,3,5.0,7.291666667
RA-649,649,2024,3,10.0,8.333333333
RA-1136,1136,2024,3,5.0,7.5
RA-653,653,2024,3,10.0,8.333333333
RA-456,456,2024,3,10.0,9.166666667
RA-655,655,2024,3,10.0,8.125
RA-656,656,2024,3,10.0,7.5
RA-657,657,2024,3,10.0,8.125
RA-1555,1555,2024,3,10.0,8.125
RA-461,461,2024,3,10.0,7.708333333
RA-398,398,2024,3,10.0,7.291666667
RA-586,586,2024,3,10.0,8.75
RA-623,623,2024,3,5.0,6.458333333
RA-588,588,2024,3,10.0,8.75
RA-626,626,2024,3,10.0,7.291666667
RA-1556,1556,2024,3,10.0,7.916666667
RA-455,455,2024,3,10.0,8.333333333
RA-614,614,2024,3,5.0,7.916666667
RA-434,434,2024,3,10.0,7.291666667
RA-603,603,2024,3,10.0,6.875
RA-1133,1133,2024,3,10.0,8.125
RA-616,616,2024,3,10.0,6.458333333
RA-1134,1134,2024,3,10.0,7.708333333
RA-1557,1557,2024,3,10.0,7.916666667
RA-670,670,2024,3,10.0,8.958333333
RA-620,620,2024,3,10.0,7.083333333
RA-1149,1149,2024,4,5.0,8.625
RA-1558,1558,2024,4,5.0,8.5
RA-326,326,2024,4,10.0,8.875
RA-339,339,2024,4,10.0,8.0
RA-179,179,2024,4,10.0,8.75
RA-1559,1559,2024,4,5.0,8.375
RA-332,332,2024,4,10.0,8.625
RA-1560,1560,2024,4,10.0,8.5
RA-1153,1153,2024,4,5.0,8.75
RA-183,183,2024,4,10.0,8.25
RA-199,199,2024,4,5.0,8.125
RA-1561,1561,2024,4,5.0,8.0
RA-336,336,2024,4,10.0,7.5
RA-347,347,2024,4,10.0,8.0
RA-397,397,2024,4,5.0,7.625
RA-338,338,2024,4,10.0,7.625
RA-392,392,2024,4,5.0,3.5
RA-352,352,2024,4,10.0,6.375
RA-1562,1562,2024,4,5.0,6.25
RA-367,367,2024,4,10.0,6.875
RA-1563,1563,2024,4,5.0,7.25
RA-1564,1564,2024,4,5.0,5.75
RA-1565,1565,2024,4,5.0,6.375
RA-1566,1566,2024,4,5.0,7.75
RA-1567,1567,2024,4,5.0,7.75
RA-356,356,2024,4,10.0,5.25
RA-1568,1568,2024,4,5.0,8.0
RA-247,247,2024,4,10.0,7.75
RA-204,204,2024,4,10.0,7.125
RA-1569,1569,2024,4,5.0,6.875
RA-1570,1570,2024,4,5.0,7.75
RA-1571,1571,2024,4,5.0,7.5
RA-1572,1572,2024,4,5.0,7.65625
RA-1150,1150,2024,4,5.0,7.65625
RA-1573,1573,2024,4,5.0,7.65625
RA-1574,1574,2024,4,5.0,7.8125
RA-1151,1151,2024,4,10.0,8.125
RA-1575,1575,2024,4,5.0,7.65625
RA-1081,1081,2024,4,10.0,9.166666667
RA-342,342,2024,4,5.0,7.65625
RA-1576,1576,2024,4,5.0,6.40625
RA-187,187,2024,4,10.0,8.4375
RA-359,359,2024,4,10.0,7.5
RA-1577,1577,2024,4,5.0,7.34375
RA-236,236,2024,4,10.0,6.875
RA-249,249,2024,4,5.0,6.75
RA-239,239,2024,4,2.5,7.875
RA-382,382,2024,4,5.0,6.75
RA-383,383,2024,4,10.0,7.875
RA-1155,1155,2024,4,5.0,8.0
RA-384,384,2024,4,10.0,7.625
RA-1156,1156,2024,4,10.0,7.125
RA-1578,1578,2024,4,10.0,7.5
RA-388,388,2024,4,5.0,6.75
RA-260,260,2024,4,10.0,7.875
RA-395,395,2024,4,10.0,7.25
RA-262,262,2024,4,5.0,7.0
RA-1579,1579,2024,4,5.0,8.5
RA-1580,1580,2024,4,5.0,7.875
RA-377,377,2024,4,10.0,7.125
RA-250,250,2024,4,10.0,8.958333333
RA-1581,1581,2024,4,5.0,7.083333333
RA-1582,1582,2024,4,5.0,6.666666667
RA-1583,1583,2024,4,5.0,9.166666667
RA-450,450,2024,4,5.0,7.8125
RA-426,426,2024,4,5.0,7.65625
RA-1584,1584,2024,4,5.0,7.8125
RA-313,313,2024,4,5.0,7.8125
RA-467,467,2024,4,10.0,7.34375
RA-1585,1585,2024,4,5.0,7.65625
RA-432,432,2024,4,5.0,7.34375
RA-1586,1586,2024,4,5.0,6.875
RA-470,470,2024,4,10.0,7.03125
RA-417,417,2024,4,10.0,8.4375
RA-407,407,2024,4,10.0,7.96875
RA-1587,1587,2024,4,5.0,7.8125
RA-1588,1588,2024,4,10.0,7.5
RA-424,424,2024,4,10.0,7.34375
RA-1193,1193,2024,4,5.0,7.8125
RA-411,411,2024,4,10.0,7.291666667
RA-412,412,2024,4,10.0,8.020833333
RA-428,428,2024,4,10.0,7.5
RA-315,315,2024,4,5.0,7.5
RA-442,442,2024,4,10.0,7.5
RA-301,301,2024,4,10.0,8.020833333
RA-1163,1163,2024,4,10.0,8.125
RA-402,402,2024,4,10.0,6.354166667
RA-1589,1589,2024,4,5.0,7.5
RA-1162,1162,2024,4,10.0,6.875
RA-471,471,2024,4,10.0,7.708333333
RA-416,416,2024,4,10.0,8.541666667
RA-303,303,2024,4,5.0,6.875
RA-418,418,2024,4,10.0,8.229166667
RA-419,419,2024,4,10.0,8.020833333
RA-420,420,2024,4,10.0,7.8125
RA-1166,1166,2024,4,5.0,8.020833333
RA-425,425,2024,4,10.0,8.229166667
RA-1590,1590,2024,4,5.0,10.0
RA-1591,1591,2024,4,5.0,8.125
RA-273,273,2024,4,5.0,8.125
RA-1592,1592,2024,4,5.0,8.125
RA-457,457,2024,4,10.0,9.6875
RA-305,305,2024,4,5.0,7.8125
RA-421,421,2024,4,10.0,9.0625
RA-1169,1169,2024,4,5.0,7.8125
RA-1593,1593,2024,4,5.0,9.0625
RA-1594,1594,2024,4,5.0,6.25
RA-283,283,2024,4,5.0,7.8125
RA-459,459,2024,4,10.0,7.8125
RA-454,454,2024,4,5.0,5.416666667
RA-1595,1595,2024,4,10.0,7.395833333
RA-1596,1596,2024,4,5.0,8.229166667
RA-170,170,2024,4,5.0,7.604166667
RA-1597,1597,2024,4,5.0,8.125
RA-1171,1171,2024,4,5.0,8.645833333
RA-116,116,2024,5,5.0,6.875
RA-217,217,2024,5,5.0,7.125
RA-103,103,2024,5,10.0,7.875
RA-178,178,2024,5,10.0,7.625
RA-1172,1172,2024,5,5.0,7.25
RA-180,180,2024,5,10.0,8.125
RA-181,181,2024,5,10.0,7.625
RA-121,121,2024,5,5.0,7.25
RA-211,211,2024,5,10.0,7.25
RA-1198,1198,2024,5,5.0,7.375
RA-110,110,2024,5,10.0,7.5
RA-189,189,2024,5,10.0,6.875
RA-127,127,2024,5,10.0,7.625
RA-115,115,2024,5,5.0,6.75
RA-215,215,2024,5,10.0,8.0
RA-1598,1598,2024,5,10.0,8.375
RA-1174,1174,2024,5,10.0,7.5
RA-192,192,2024,5,5.0,7.125
RA-220,220,2024,5,10.0,7.25
RA-186,186,2024,5,10.0,8.125
RA-1181,1181,2024,5,10.0,7.125
RA-1599,1599,2024,5,5.0,7.75
RA-111,111,2024,5,10.0,8.125
RA-1600,1600,2024,5,5.0,7.25
RA-1601,1601,2024,5,5.0,7.5
RA-176,176,2024,5,10.0,8.59375
RA-1602,1602,2024,5,10.0,7.34375
RA-1603,1603,2024,5,5.0,7.5
RA-1604,1604,2024,5,5.0,8.125
RA-193,193,2024,5,10.0,8.4375
RA-195,195,2024,5,10.0,7.96875
RA-196,196,2024,5,10.0,8.75
RA-197,197,2024,5,10.0,7.96875
RA-229,229,2024,5,10.0,8.28125
RA-202,202,2024,5,5.0,7.65625
RA-1176,1176,2024,5,10.0,8.59375
RA-1177,1177,2024,5,10.0,7.65625
RA-146,146,2024,5,5.0,7.65625
RA-1199,1199,2024,5,5.0,6.5625
RA-1178,1178,2024,5,5.0,7.5
RA-149,149,2024,5,5.0,7.34375
RA-1605,1605,2024,5,5.0,7.5
RA-107,107,2024,5,5.0,7.5
RA-184,184,2024,5,10.0,7.96875
RA-1606,1606,2024,5,5.0,7.8125
RA-1607,1607,2024,5,5.0,6.5625
RA-1608,1608,2024,5,10.0,6.40625
RA-1173,1173,2024,5,10.0,8.125
RA-237,237,2024,5,5.0,7.916666667
RA-147,147,2024,5,5.0,7.5
RA-131,131,2024,5,5.0,7.708333333
RA-1609,1609,2024,5,5.0,7.708333333
RA-137,137,2024,5,5.0,4.791666667
RA-1184,1184,2024,5,5.0,7.291666667
RA-138,138,2024,5,5.0,7.708333333
RA-1610,1610,2024,5,5.0,7.291666667
RA-1611,1611,2024,5,5.0,7.5
RA-1612,1612,2024,5,5.0,7.708333333
RA-1188,1188,2024,5,5.0,8.125
RA-1613,1613,2024,5,5.0,7.291666667
RA-244,244,2024,5,10.0,8.125
RA-267,267,2024,5,5.0,4.583333333
RA-1189,1189,2024,5,5.0,7.5
RA-113,113,2024,5,5.0,7.5
RA-152,152,2024,5,5.0,7.8125
RA-318,318,2024,5,5.0,7.34375
RA-274,274,2024,5,10.0,8.125
RA-319,319,2024,5,10.0,7.34375
RA-160,160,2024,5,5.0,7.34375
RA-161,161,2024,5,10.0,7.96875
RA-1614,1614,2024,5,5.0,7.5
RA-164,164,2024,5,5.0,6.25
RA-165,165,2024,5,10.0,7.96875
RA-1615,1615,2024,5,10.0,7.5
RA-1616,1616,2024,5,5.0,7.1875
RA-271,271,2024,5,5.0,7.5
RA-316,316,2024,5,10.0,7.65625
RA-286,286,2024,5,5.0,7.34375
RA-320,320,2024,5,10.0,7.65625
RA-1207,1207,2024,5,5.0,7.34375
RA-1617,1617,2024,5,5.0,6.875
RA-158,158,2024,5,10.0,6.875
RA-306,306,2024,5,5.0,7.34375
RA-1618,1618,2024,5,5.0,7.5
RA-308,308,2024,5,10.0,7.5
RA-1619,1619,2024,5,10.0,7.5
RA-299,299,2024,5,10.0,7.5
RA-251,251,2024,5,5.0,6.875
RA-157,157,2024,5,10.0,8.125
RA-1620,1620,2024,5,5.0,7.5
RA-321,321,2024,5,10.0,8.125
RA-1195,1195,2024,5,5.0,7.5
RA-1200,1200,2024,5,5.0,7.5
RA-278,278,2024,5,10.0,8.125
RA-85,85,2024,5,5.0,6.25
RA-279,279,2024,5,10.0,8.333333333
RA-1621,1621,2024,5,5.0,8.333333333
RA-280,280,2024,5,10.0,8.333333333
RA-1201,1201,2024,5,5.0,8.333333333
RA-1622,1622,2024,5,5.0,8.333333333
RA-132,132,2024,6,10.0,8.59375
RA-42,42,2024,6,5.0,6.796875
RA-1623,1623,2024,6,10.0,7.8125
RA-106,106,2024,6,10.0,7.8125
RA-123,123,2024,6,5.0,6.71875
RA-125,125,2024,6,5.0,7.34375
RA-1624,1624,2024,6,5.0,7.8125
RA-1625,1625,2024,6,10.0,7.1875
RA-1626,1626,2024,6,10.0,8.28125
RA-1627,1627,2024,6,5.0,7.65625
RA-1628,1628,2024,6,10.0,6.875
RA-112,112,2024,6,10.0,7.96875
RA-1629,1629,2024,6,5.0,7.1875
RA-91,91,2024,6,5.0,7.875
RA-167,167,2024,6,5.0,8.375
RA-1203,1203,2024,6,10.0,8.375
RA-94,94,2024,6,10.0,8.375
RA-81,81,2024,6,10.0,7.875
RA-1630,1630,2024,6,10.0,8.25
RA-171,171,2024,6,5.0,7.625
RA-1220,1220,2024,6,5.0,7.5
RA-1631,1631,2024,6,5.0,8.5
RA-1632,1632,2024,6,10.0,7.75
RA-1210,1210,2024,6,10.0,7.875
RA-175,175,2024,6,5.0,7.5
RA-80,80,2024,7,10.0,8.75
RA-40,40,2024,7,10.0,8.125
RA-1214,1214,2024,7,10.0,8.28125
RA-92,92,2024,7,10.0,7.8125
RA-45,45,2024,7,10.0,8.75
RA-56,56,2024,7,10.0,8.4375
RA-57,57,2024,7,10.0,8.59375
RA-58,58,2024,7,10.0,9.0625
RA-78,78,2024,7,10.0,8.4375
RA-87,87,2024,7,10.0,9.375
RA-64,64,2024,7,10.0,8.4375
RA-48,48,2024,7,10.0,8.59375
RA-1230,1230,2024,7,10.0,7.5
RA-90,90,2024,7,10.0,7.5
RA-269,269,2024,7,10.0,7.5
RA-270,270,2024,7,10.0,7.5
RA-76,76,2024,7,10.0,7.5
RA-153,153,2024,7,10.0,7.5
RA-1226,1226,2024,7,10.0,7.5
RA-93,93,2024,7,10.0,7.5
RA-119,119,2024,7,10.0,7.5
RA-241,241,2024,7,10.0,7.5
RA-242,242,2024,7,10.0,7.5
RA-52,52,2024,7,10.0,7.5
RA-1227,1227,2024,7,10.0,7.5
RA-245,245,2024,7,10.0,7.5
RA-246,246,2024,7,10.0,7.5
RA-1228,1228,2024,7,10.0,7.5
RA-1229,1229,2024,7,10.0,7.5
RA-98,98,2024,7,10.0,7.5
RA-277,277,2024,7,10.0,7.5
RA-172,172,2024,7,10.0,7.5
RA-291,291,2024,7,10.0,7.5
RA-86,86,2024,7,10.0,7.5
RA-143,143,2024,7,10.0,7.5
RA-166,166,2024,7,10.0,7.5
RA-191,191,2024,7,10.0,7.5
